Workbook

Sheet README
B2: Anvik Trail Co. — Sales Performance Dashboard
B3: Interactive Excel dashboard built entirely with formulas — no Power Query, no macros, no add-ins.
B5: What's here
B6: Raw Data — the messy source export (785 usable order rows), left completely untouched, plus
B7: formula-driven cleaning columns (J:Q) that trim whitespace, standardize casing, parse dates from
B8: 3 different formats, strip "$" from prices, and flag duplicate or invalid rows.
B9: Dashboard — filter cells (Region / Category / Channel / Date range) drive every KPI card, summary
B10: table, and chart on the sheet through SUMIFS formulas keyed off the cleaning flags.
B11: Data Cleaning Log — a formula-based tally of exactly what was wrong with the raw export and how
B12: many rows each issue affected.
B14: How to use it
B15: Change any yellow cell on the Dashboard sheet (Region, Category, Channel, or date range) and every
... B30: Light red row highlight on Raw Data = a row flagged invalid or duplicate by the cleaning logic

Sheet Raw Data
A1: OrderID | B1: OrderDate (raw) | C1: Region (raw) | D1: Category (raw) | E1: Product | F1: Quantity (raw) | G1: UnitPrice (raw) | H1: Channel | I1: Customer | J1: Clean Date | K1: Clean Region | L1: Clean Category | M1: Clean Qty | N1: Clean Price | O1: Is Duplicate? | P1: Is Valid? | Q1: Revenue
A2: 10159 | B2: 5-Apr-2025 | C2: SOUTH | D2: ACCESSORIES | E2: Trekking Poles | F2: 1 | G2: $49.35 | H2: Online | I2: Ava King | J2: =IFERROR(DATEVALUE(B2),"") -> 45752 | K2: =IF(A2="","",PROPER(TRIM(C2))) -> South | L2: =IF(A2="","",PROPER(TRIM(D2))) -> Accessories | M2: =IFERROR(VALUE(F2),0) -> 1 | N2: =IFERROR(VALUE(SUBSTITUTE(G2,"$","")),0) -> 49.35 | O2: =IF(A2="",0,IF(COUNTIF($A$2:A2,A2)>1,1,0)) -> 0 | P2: =IF(AND(A2<>"",J2<>"",M2>0,N2>0,O2=0),1,0) -> 1 | Q2: =IF(P2=1,M2*N2,0) -> 49.35
A3: 10365 | B3: 2025-01-13 | C3: Midwest | D3: ACCESSORIES | E3: Hydration Pack | F3: 1 | G3: 84.12 | H3: Wholesale | I3: Noah Rossi | J3: =IFERROR(DATEVALUE(B3),"") -> 45670 | K3: =IF(A3="","",PROPER(TRIM(C3))) -> Midwest | L3: =IF(A3="","",PROPER(TRIM(D3))) -> Accessories | M3: =IFERROR(VALUE(F3),0) -> 1 | N3: =IFERROR(VALUE(SUBSTITUTE(G3,"$","")),0) -> 84.12 | O3: =IF(A3="",0,IF(COUNTIF($A$2:A3,A3)>1,1,0)) -> 0 | P3: =IF(AND(A3<>"",J3<>"",M3>0,N3>0,O3=0),1,0) -> 1 | Q3: =IF(P3=1,M3*N3,0) -> 84.12
A4: 10039 | B4: 3-Aug-2024 | C4: WEST | D4: Climbing Gear | E4: Carabiner 5-Pack | F4: 1 | G4: 39.86 | H4: Wholesale | I4: Mia Lee | J4: =IFERROR(DATEVALUE(B4),"") -> 45507 | K4: =IF(A4="","",PROPER(TRIM(C4))) -> West | L4: =IF(A4="","",PROPER(TRIM(D4))) -> Climbing Gear | M4: =IFERROR(VALUE(F4),0) -> 1 | N4: =IFERROR(VALUE(SUBSTITUTE(G4,"$","")),0) -> 39.86 | O4: =IF(A4="",0,IF(COUNTIF($A$2:A4,A4)>1,1,0)) -> 0 | P4: =IF(AND(A4<>"",J4<>"",M4>0,N4>0,O4=0),1,0) -> 1 | Q4: =IF(P4=1,M4*N4,0) -> 39.86
A5: 10222 | B5: 2024-07-01 | C5: Midwest | D5: Footwear | E5: AlpineGrip Sandal | F5: 2 | G5: $50.28 | H5: Wholesale | I5: Olivia Lee | J5: =IFERROR(DATEVALUE(B5),"") -> 45474 | K5: =IF(A5="","",PROPER(TRIM(C5))) -> Midwest | L5: =IF(A5="","",PROPER(TRIM(D5))) -> Footwear | M5: =IFERROR(VALUE(F5),0) -> 2 | N5: =IFERROR(VALUE(SUBSTITUTE(G5,"$","")),0) -> 50.28 | O5: =IF(A5="",0,IF(COUNTIF($A$2:A5,A5)>1,1,0)) -> 0 | P5: =IF(AND(A5<>"",J5<>"",M5>0,N5>0,O5=0),1,0) -> 1 | Q5: =IF(P5=1,M5*N5,0) -> 100.56
A6: 10292 | B6: 2024-06-29 | C6: East | D6: CAMPING GEAR | E6: Camp Stove | F6: 3 | G6: $67.30 | H6: In-Store | I6: Grace Nguyen | J6: =IFERROR(DATEVALUE(B6),"") -> 45472 | K6: =IF(A6="","",PROPER(TRIM(C6))) -> East | L6: =IF(A6="","",PROPER(TRIM(D6))) -> Camping Gear | M6: =IFERROR(VALUE(F6),0) -> 3 | N6: =IFERROR(VALUE(SUBSTITUTE(G6,"$","")),0) -> 67.3 | O6: =IF(A6="",0,IF(COUNTIF($A$2:A6,A6)>1,1,0)) -> 0 | P6: =IF(AND(A6<>"",J6<>"",M6>0,N6>0,O6=0),1,0) -> 1 | Q6: =IF(P6=1,M6*N6,0) -> 201.9
A7: 10567 | B7: 2024-03-05 | C7: Midwest | D7: Footwear | E7: Trailblazer Hiking Boot | F7: 1 | G7: 119.86 | H7: In-Store | I7: Mia Lee | J7: =IFERROR(DATEVALUE(B7),"") -> 45356 | K7: =IF(A7="","",PROPER(TRIM(C7))) -> Midwest | L7: =IF(A7="","",PROPER(TRIM(D7))) -> Footwear | M7: =IFERROR(VALUE(F7),0) -> 1 | N7: =IFERROR(VALUE(SUBSTITUTE(G7,"$","")),0) -> 119.86 | O7: =IF(A7="",0,IF(COUNTIF($A$2:A7,A7)>1,1,0)) -> 0 | P7: =IF(AND(A7<>"",J7<>"",M7>0,N7>0,O7=0),1,0) -> 1 | Q7: =IF(P7=1,M7*N7,0) -> 119.86
A8: 10165 | B8: 2024-10-03 | C8: south | D8: FOOTWEAR | E8: Trailblazer Hiking Boot | F8: 2 | G8: $134.62 | H8: Online | I8: Layla Rossi | J8: =IFERROR(DATEVALUE(B8),"") -> 45568 | K8: =IF(A8="","",PROPER(TRIM(C8))) -> South | L8: =IF(A8="","",PROPER(TRIM(D8))) -> Footwear | M8: =IFERROR(VALUE(F8),0) -> 2 | N8: =IFERROR(VALUE(SUBSTITUTE(G8,"$","")),0) -> 134.62 | O8: =IF(A8="",0,IF(COUNTIF($A$2:A8,A8)>1,1,0)) -> 0 | P8: =IF(AND(A8<>"",J8<>"",M8>0,N8>0,O8=0),1,0) -> 1 | Q8: =IF(P8=1,M8*N8,0) -> 269.24
A9: 10501 | B9: 2024-10-29 | C9: Midwest | D9: FOOTWEAR | E9: AlpineGrip Sandal | F9: 1 | G9: $55.22 | H9: Online | I9: Layla Smith | J9: =IFERROR(DATEVALUE(B9),"") -> 45594 | K9: =IF(A9="","",PROPER(TRIM(C9))) -> Midwest | L9: =IF(A9="","",PROPER(TRIM(D9))) -> Footwear | M9: =IFERROR(VALUE(F9),0) -> 1 | N9: =IFERROR(VALUE(SUBSTITUTE(G9,"$","")),0) -> 55.22 | O9: =IF(A9="",0,IF(COUNTIF($A$2:A9,A9)>1,1,0)) -> 0 | P9: =IF(AND(A9<>"",J9<>"",M9>0,N9>0,O9=0),1,0) -> 1 | Q9: =IF(P9=1,M9*N9,0) -> 55.22
A10: 10310 | B10: 4-Nov-2024 | C10: Midwest | D10: APPAREL | E10: Merino Base Layer | F10: 3 | G10: 59.53 | H10: Online | I10: Owen Walker | J10: =IFERROR(DATEVALUE(B10),"") -> 45600 | K10: =IF(A10="","",PROPER(TRIM(C10))) -> Midwest | L10: =IF(A10="","",PROPER(TRIM(D10))) -> Apparel | M10: =IFERROR(VALUE(F10),0) -> 3 | N10: =IFERROR(VALUE(SUBSTITUTE(G10,"$","")),0) -> 59.53 | O10: =IF(A10="",0,IF(COUNTIF($A$2:A10,A10)>1,1,0)) -> 0 | P10: =IF(AND(A10<>"",J10<>"",M10>0,N10>0,O10=0),1,0) -> 1 | Q10: =IF(P10=1,M10*N10,0) -> 178.59
A11: 10429 | B11: 1/13/2024 | C11: West | D11: Climbing Gear | E11: Dynamic Rope 60m | F11: 3 | G11: $152.85 | H11: Online | I11: Lucas Hall | J11: =IFERROR(DATEVALUE(B11),"") -> 45304 | K11: =IF(A11="","",PROPER(TRIM(C11))) -> West | L11: =IF(A11="","",PROPER(TRIM(D11))) -> Climbing Gear | M11: =IFERROR(VALUE(F11),0) -> 3 | N11: =IFERROR(VALUE(SUBSTITUTE(G11,"$","")),0) -> 152.85 | O11: =IF(A11="",0,IF(COUNTIF($A$2:A11,A11)>1,1,0)) -> 0 | P11: =IF(AND(A11<>"",J11<>"",M11>0,N11>0,O11=0),1,0) -> 1 | Q11: =IF(P11=1,M11*N11,0) -> 458.55
A12: 10647 | B12: 29-Dec-2024 | C12: WEST | D12: Footwear | E12: AlpineGrip Sandal | F12: 0 | G12: 56.73 | H12: Online | I12: Ethan Walker | J12: =IFERROR(DATEVALUE(B12),"") -> 45655 | K12: =IF(A12="","",PROPER(TRIM(C12))) -> West | L12: =IF(A12="","",PROPER(TRIM(D12))) -> Footwear | M12: =IFERROR(VALUE(F12),0) -> 0 | N12: =IFERROR(VALUE(SUBSTITUTE(G12,"$","")),0) -> 56.73 | O12: =IF(A12="",0,IF(COUNTIF($A$2:A12,A12)>1,1,0)) -> 0 | P12: =IF(AND(A12<>"",J12<>"",M12>0,N12>0,O12=0),1,0) -> 0 | Q12: =IF(P12=1,M12*N12,0) -> 0
A13: 10514 | B13: 8/14/2024 | C13: West | D13: Accessories | E13: Hydration Pack | F13: 1 | G13: 84.90 | H13: Wholesale | I13: Maria Young | J13: =IFERROR(DATEVALUE(B13),"") -> 45518 | K13: =IF(A13="","",PROPER(TRIM(C13))) -> West | L13: =IF(A13="","",PROPER(TRIM(D13))) -> Accessories | M13: =IFERROR(VALUE(F13),0) -> 1 | N13: =IFERROR(VALUE(SUBSTITUTE(G13,"$","")),0) -> 84.9 | O13: =IF(A13="",0,IF(COUNTIF($A$2:A13,A13)>1,1,0)) -> 0 | P13: =IF(AND(A13<>"",J13<>"",M13>0,N13>0,O13=0),1,0) -> 1 | Q13: =IF(P13=1,M13*N13,0) -> 84.9
... A35: 10576 | B35: 2024-01-14 | C35: East | D35: ACCESSORIES | E35: Hydration Pack | F35: 2 | G35: 77.17 | H35: In-Store | I35: Mia Rossi | J35: =IFERROR(DATEVALUE(B35),"") -> 45305 | K35: =IF(A35="","",PROPER(TRIM(C35))) -> East | L35: =IF(A35="","",PROPER(TRIM(D35))) -> Accessories | M35: =IFERROR(VALUE(F35),0) -> 2 | N35: =IFERROR(VALUE(SUBSTITUTE(G35,"$","")),0) -> 77.17 | O35: =IF(A35="",0,IF(COUNTIF($A$2:A35,A35)>1,1,0)) -> 0 | P35: =IF(AND(A35<>"",J35<>"",M35>0,N35>0,O35=0),1,0) -> 1 | Q35: =IF(P35=1,M35*N35,0) -> 154.34
A36: 10188 | B36: 29-Dec-2024 | C36: EAST | D36: Accessories | E36: Trekking Poles | F36: 3 | H36: In-Store | I36: Olivia Garcia | J36: =IFERROR(DATEVALUE(B36),"") -> 45655 | K36: =IF(A36="","",PROPER(TRIM(C36))) -> East | L36: =IF(A36="","",PROPER(TRIM(D36))) -> Accessories | M36: =IFERROR(VALUE(F36),0) -> 3 | N36: =IFERROR(VALUE(SUBSTITUTE(G36,"$","")),0) -> 0 | O36: =IF(A36="",0,IF(COUNTIF($A$2:A36,A36)>1,1,0)) -> 0 | P36: =IF(AND(A36<>"",J36<>"",M36>0,N36>0,O36=0),1,0) -> 0 | Q36: =IF(P36=1,M36*N36,0) -> 0
A37: 10537 | B37: 2025-05-09 | C37: West | D37: CLIMBING GEAR | E37: Climbing Harness | F37: 3 | G37: $103.83 | H37: Online | I37: Lucas Brown | J37: =IFERROR(DATEVALUE(B37),"") -> 45786 | K37: =IF(A37="","",PROPER(TRIM(C37))) -> West | L37: =IF(A37="","",PROPER(TRIM(D37))) -> Climbing Gear | M37: =IFERROR(VALUE(F37),0) -> 3 | N37: =IFERROR(VALUE(SUBSTITUTE(G37,"$","")),0) -> 103.83 | O37: =IF(A37="",0,IF(COUNTIF($A$2:A37,A37)>1,1,0)) -> 0 | P37: =IF(AND(A37<>"",J37<>"",M37>0,N37>0,O37=0),1,0) -> 1 | Q37: =IF(P37=1,M37*N37,0) -> 311.49
A38: 10553 | B38: 2025-03-14 | C38: south | D38: camping gear | E38: 2-Person Tent | F38: 1 | G38: 252.95 | H38: Wholesale | I38: Layla Brown | J38: =IFERROR(DATEVALUE(B38),"") -> 45730 | K38: =IF(A38="","",PROPER(TRIM(C38))) -> South | L38: =IF(A38="","",PROPER(TRIM(D38))) -> Camping Gear | M38: =IFERROR(VALUE(F38),0) -> 1 | N38: =IFERROR(VALUE(SUBSTITUTE(G38,"$","")),0) -> 252.95 | O38: =IF(A38="",0,IF(COUNTIF($A$2:A38,A38)>1,1,0)) -> 0 | P38: =IF(AND(A38<>"",J38<>"",M38>0,N38>0,O38=0),1,0) -> 1 | Q38: =IF(P38=1,M38*N38,0) -> 252.95
A39: 10405 | B39: TBD | C39: West | D39: Climbing Gear | E39: Chalk Bag | F39: 4 | G39: 19.11 | H39: Wholesale | I39: Mia Walker | J39: =IFERROR(DATEVALUE(B39),"") | K39: =IF(A39="","",PROPER(TRIM(C39))) -> West | L39: =IF(A39="","",PROPER(TRIM(D39))) -> Climbing Gear | M39: =IFERROR(VALUE(F39),0) -> 4 | N39: =IFERROR(VALUE(SUBSTITUTE(G39,"$","")),0) -> 19.11 | O39: =IF(A39="",0,IF(COUNTIF($A$2:A39,A39)>1,1,0)) -> 0 | P39: =IF(AND(A39<>"",J39<>"",M39>0,N39>0,O39=0),1,0) -> 0 | Q39: =IF(P39=1,M39*N39,0) -> 0
A40: 10078 | B40: 2/4/2024 | C40: East | D40: ACCESSORIES | E40: Headlamp | F40: 1 | G40: $37.90 | H40: Online | I40: Lucas Rodriguez | J40: =IFERROR(DATEVALUE(B40),"") -> 45326 | K40: =IF(A40="","",PROPER(TRIM(C40))) -> East | L40: =IF(A40="","",PROPER(TRIM(D40))) -> Accessories | M40: =IFERROR(VALUE(F40),0) -> 1 | N40: =IFERROR(VALUE(SUBSTITUTE(G40,"$","")),0) -> 37.9 | O40: =IF(A40="",0,IF(COUNTIF($A$2:A40,A40)>1,1,0)) -> 0 | P40: =IF(AND(A40<>"",J40<>"",M40>0,N40>0,O40=0),1,0) -> 1 | Q40: =IF(P40=1,M40*N40,0) -> 37.9
A41: 10096 | B41: 2/1/2025 | C41: South | D41: FOOTWEAR | E41: AlpineGrip Sandal | F41: 1 | G41: 52.33 | H41: Online | I41: Lucas Martinez | J41: =IFERROR(DATEVALUE(B41),"") -> 45689 | K41: =IF(A41="","",PROPER(TRIM(C41))) -> South | L41: =IF(A41="","",PROPER(TRIM(D41))) -> Footwear | M41: =IFERROR(VALUE(F41),0) -> 1 | N41: =IFERROR(VALUE(SUBSTITUTE(G41,"$","")),0) -> 52.33 | O41: =IF(A41="",0,IF(COUNTIF($A$2:A41,A41)>1,1,0)) -> 0 | P41: =IF(AND(A41<>"",J41<>"",M41>0,N41>0,O41=0),1,0) -> 1 | Q41: =IF(P41=1,M41*N41,0) -> 52.33
A42: 10017 | B42: unknown | C42: East | D42: Apparel | E42: Merino Base Layer | F42: 3 | G42: $54.40 | H42: Wholesale | I42: Daniel Nguyen | J42: =IFERROR(DATEVALUE(B42),"") | K42: =IF(A42="","",PROPER(TRIM(C42))) -> East | L42: =IF(A42="","",PROPER(TRIM(D42))) -> Apparel | M42: =IFERROR(VALUE(F42),0) -> 3 | N42: =IFERROR(VALUE(SUBSTITUTE(G42,"$","")),0) -> 54.4 | O42: =IF(A42="",0,IF(COUNTIF($A$2:A42,A42)>1,1,0)) -> 0 | P42: =IF(AND(A42<>"",J42<>"",M42>0,N42>0,O42=0),1,0) -> 0 | Q42: =IF(P42=1,M42*N42,0) -> 0
A43: 10589 | B43: 2024-10-23 | C43: South | D43: Footwear | E43: Ridgeline Boot | F43: 1 | G43: 152.62 | H43: Online | I43: Daniel Rossi | J43: =IFERROR(DATEVALUE(B43),"") -> 45588 | K43: =IF(A43="","",PROPER(TRIM(C43))) -> South | L43: =IF(A43="","",PROPER(TRIM(D43))) -> Footwear | M43: =IFERROR(VALUE(F43),0) -> 1 | N43: =IFERROR(VALUE(SUBSTITUTE(G43,"$","")),0) -> 152.62 | O43: =IF(A43="",0,IF(COUNTIF($A$2:A43,A43)>1,1,0)) -> 0 | P43: =IF(AND(A43<>"",J43<>"",M43>0,N43>0,O43=0),1,0) -> 1 | Q43: =IF(P43=1,M43*N43,0) -> 152.62
A44: 10172 | B44: 2024-06-16 | C44: east | D44: accessories | E44: Headlamp | F44: 1 | G44: 33.02 | H44: Wholesale | I44: James Brown | J44: =IFERROR(DATEVALUE(B44),"") -> 45459 | K44: =IF(A44="","",PROPER(TRIM(C44))) -> East | L44: =IF(A44="","",PROPER(TRIM(D44))) -> Accessories | M44: =IFERROR(VALUE(F44),0) -> 1 | N44: =IFERROR(VALUE(SUBSTITUTE(G44,"$","")),0) -> 33.02 | O44: =IF(A44="",0,IF(COUNTIF($A$2:A44,A44)>1,1,0)) -> 0 | P44: =IF(AND(A44<>"",J44<>"",M44>0,N44>0,O44=0),1,0) -> 1 | Q44: =IF(P44=1,M44*N44,0) -> 33.02
A45: 10448 | B45: 1/29/2025 | C45: MIDWEST | D45: APPAREL | E45: Convertible Hiking Pants | F45: 3 | G45: 68.76 | H45: In-Store | I45: James Hall | J45: =IFERROR(DATEVALUE(B45),"") -> 45686 | K45: =IF(A45="","",PROPER(TRIM(C45))) -> Midwest | L45: =IF(A45="","",PROPER(TRIM(D45))) -> Apparel | M45: =IFERROR(VALUE(F45),0) -> 3 | N45: =IFERROR(VALUE(SUBSTITUTE(G45,"$","")),0) -> 68.76 | O45: =IF(A45="",0,IF(COUNTIF($A$2:A45,A45)>1,1,0)) -> 0 | P45: =IF(AND(A45<>"",J45<>"",M45>0,N45>0,O45=0),1,0) -> 1 | Q45: =IF(P45=1,M45*N45,0) -> 206.28
A46: 10148 | B46: 2024-05-23 | C46: East | D46: Climbing Gear | E46: Carabiner 5-Pack | F46: 2 | G46: 42.67 | H46: Wholesale | I46: Grace Young | J46: =IFERROR(DATEVALUE(B46),"") -> 45435 | K46: =IF(A46="","",PROPER(TRIM(C46))) -> East | L46: =IF(A46="","",PROPER(TRIM(D46))) -> Climbing Gear | M46: =IFERROR(VALUE(F46),0) -> 2 | N46: =IFERROR(VALUE(SUBSTITUTE(G46,"$","")),0) -> 42.67 | O46: =IF(A46="",0,IF(COUNTIF($A$2:A46,A46)>1,1,0)) -> 0 | P46: =IF(AND(A46<>"",J46<>"",M46>0,N46>0,O46=0),1,0) -> 1 | Q46: =IF(P46=1,M46*N46,0) -> 85.34
A47: 10456 | B47: 2024-05-31 | C47: West | D47: camping gear | E47: 2-Person Tent | F47: 1 | G47: 218.53 | H47: In-Store | I47: Mia Rodriguez | J47: =IFERROR(DATEVALUE(B47),"") -> 45443 | K47: =IF(A47="","",PROPER(TRIM(C47))) -> West | L47: =IF(A47="","",PROPER(TRIM(D47))) -> Camping Gear | M47: =IFERROR(VALUE(F47),0) -> 1 | N47: =IFERROR(VALUE(SUBSTITUTE(G47,"$","")),0) -> 218.53 | O47: =IF(A47="",0,IF(COUNTIF($A$2:A47,A47)>1,1,0)) -> 0 | P47: =IF(AND(A47<>"",J47<>"",M47>0,N47>0,O47=0),1,0) -> 1 | Q47: =IF(P47=1,M47*N47,0) -> 218.53
A48: 10075 | B48: 2025-05-06 | C48: EAST | D48: CLIMBING GEAR | E48: Dynamic Rope 60m | F48: 1 | G48: 154.16 | H48: Wholesale | I48: Mia Martinez | J48: =IFERROR(DATEVALUE(B48),"") -> 45783 | K48: =IF(A48="","",PROPER(TRIM(C48))) -> East | L48: =IF(A48="","",PROPER(TRIM(D48))) -> Climbing Gear | M48: =IFERROR(VALUE(F48),0) -> 1 | N48: =IFERROR(VALUE(SUBSTITUTE(G48,"$","")),0) -> 154.16 | O48: =IF(A48="",0,IF(COUNTIF($A$2:A48,A48)>1,1,0)) -> 0 | P48: =IF(AND(A48<>"",J48<>"",M48>0,N48>0,O48=0),1,0) -> 1 | Q48: =IF(P48=1,M48*N48,0) -> 154.16
... A162: 10739 | B162: 2024-11-22 | C162: midwest | D162: Apparel | E162: Convertible Hiking Pants | F162: 1 | G162: $68.91 | H162: Wholesale | I162: Emma Clark | J162: =IFERROR(DATEVALUE(B162),"") -> 45618 | K162: =IF(A162="","",PROPER(TRIM(C162))) -> Midwest | L162: =IF(A162="","",PROPER(TRIM(D162))) -> Apparel | M162: =IFERROR(VALUE(F162),0) -> 1 | N162: =IFERROR(VALUE(SUBSTITUTE(G162,"$","")),0) -> 68.91 | O162: =IF(A162="",0,IF(COUNTIF($A$2:A162,A162)>1,1,0)) -> 0 | P162: =IF(AND(A162<>"",J162<>"",M162>0,N162>0,O162=0),1,0) -> 1 | Q162: =IF(P162=1,M162*N162,0) -> 68.91
A163: 10496 | B163: 8/1/2024 | C163: east | D163: camping gear | E163: Down Sleeping Bag | F163: 1 | H163: Online | I163: Olivia Garcia | J163: =IFERROR(DATEVALUE(B163),"") -> 45505 | K163: =IF(A163="","",PROPER(TRIM(C163))) -> East | L163: =IF(A163="","",PROPER(TRIM(D163))) -> Camping Gear | M163: =IFERROR(VALUE(F163),0) -> 1 | N163: =IFERROR(VALUE(SUBSTITUTE(G163,"$","")),0) -> 0 | O163: =IF(A163="",0,IF(COUNTIF($A$2:A163,A163)>1,1,0)) -> 0 | P163: =IF(AND(A163<>"",J163<>"",M163>0,N163>0,O163=0),1,0) -> 0 | Q163: =IF(P163=1,M163*N163,0) -> 0
A164: 10306 | B164: 6/20/2025 | C164: MIDWEST | D164: Apparel | E164: Convertible Hiking Pants | F164: 3 | G164: $69.40 | H164: Wholesale | I164: James Wright | J164: =IFERROR(DATEVALUE(B164),"") -> 45828 | K164: =IF(A164="","",PROPER(TRIM(C164))) -> Midwest | L164: =IF(A164="","",PROPER(TRIM(D164))) -> Apparel | M164: =IFERROR(VALUE(F164),0) -> 3 | N164: =IFERROR(VALUE(SUBSTITUTE(G164,"$","")),0) -> 69.4 | O164: =IF(A164="",0,IF(COUNTIF($A$2:A164,A164)>1,1,0)) -> 0 | P164: =IF(AND(A164<>"",J164<>"",M164>0,N164>0,O164=0),1,0) -> 1 | Q164: =IF(P164=1,M164*N164,0) -> 208.2
A165: 10404 | B165: 8/16/2024 | C165: West | D165: APPAREL | E165: Convertible Hiking Pants | F165: 1 | G165: 64.99 | H165: Online | I165: Liam Walker | J165: =IFERROR(DATEVALUE(B165),"") -> 45520 | K165: =IF(A165="","",PROPER(TRIM(C165))) -> West | L165: =IF(A165="","",PROPER(TRIM(D165))) -> Apparel | M165: =IFERROR(VALUE(F165),0) -> 1 | N165: =IFERROR(VALUE(SUBSTITUTE(G165,"$","")),0) -> 64.99 | O165: =IF(A165="",0,IF(COUNTIF($A$2:A165,A165)>1,1,0)) -> 0 | P165: =IF(AND(A165<>"",J165<>"",M165>0,N165>0,O165=0),1,0) -> 1 | Q165: =IF(P165=1,M165*N165,0) -> 64.99
A166: 10666 | B166: 16-Sep-2024 | C166: Midwest | D166: Accessories | E166: Trekking Poles | F166: 3 | G166: 55.74 | H166: Online | I166: Maria Rossi | J166: =IFERROR(DATEVALUE(B166),"") -> 45551 | K166: =IF(A166="","",PROPER(TRIM(C166))) -> Midwest | L166: =IF(A166="","",PROPER(TRIM(D166))) -> Accessories | M166: =IFERROR(VALUE(F166),0) -> 3 | N166: =IFERROR(VALUE(SUBSTITUTE(G166,"$","")),0) -> 55.74 | O166: =IF(A166="",0,IF(COUNTIF($A$2:A166,A166)>1,1,0)) -> 0 | P166: =IF(AND(A166<>"",J166<>"",M166>0,N166>0,O166=0),1,0) -> 1 | Q166: =IF(P166=1,M166*N166,0) -> 167.22
A167: 10334 | B167: 2025-03-24 | C167: west | D167: apparel | E167: Merino Base Layer | F167: 1 | H167: In-Store | I167: Grace Wright | J167: =IFERROR(DATEVALUE(B167),"") -> 45740 | K167: =IF(A167="","",PROPER(TRIM(C167))) -> West | L167: =IF(A167="","",PROPER(TRIM(D167))) -> Apparel | M167: =IFERROR(VALUE(F167),0) -> 1 | N167: =IFERROR(VALUE(SUBSTITUTE(G167,"$","")),0) -> 0 | O167: =IF(A167="",0,IF(COUNTIF($A$2:A167,A167)>1,1,0)) -> 0 | P167: =IF(AND(A167<>"",J167<>"",M167>0,N167>0,O167=0),1,0) -> 0 | Q167: =IF(P167=1,M167*N167,0) -> 0
A168: 10577 | B168: 2025-06-03 | C168: West | D168: climbing gear | E168: Climbing Harness | F168: 1 | G168: $98.62 | H168: Wholesale | I168: Noah Rodriguez | J168: =IFERROR(DATEVALUE(B168),"") -> 45811 | K168: =IF(A168="","",PROPER(TRIM(C168))) -> West | L168: =IF(A168="","",PROPER(TRIM(D168))) -> Climbing Gear | M168: =IFERROR(VALUE(F168),0) -> 1 | N168: =IFERROR(VALUE(SUBSTITUTE(G168,"$","")),0) -> 98.62 | O168: =IF(A168="",0,IF(COUNTIF($A$2:A168,A168)>1,1,0)) -> 0 | P168: =IF(AND(A168<>"",J168<>"",M168>0,N168>0,O168=0),1,0) -> 1 | Q168: =IF(P168=1,M168*N168,0) -> 98.62
A169: 10111 | B169: 20-Feb-2024 | C169: south | D169: CLIMBING GEAR | E169: Chalk Bag | F169: 1 | G169: 20.72 | H169: In-Store | I169: James Davis | J169: =IFERROR(DATEVALUE(B169),"") -> 45342 | K169: =IF(A169="","",PROPER(TRIM(C169))) -> South | L169: =IF(A169="","",PROPER(TRIM(D169))) -> Climbing Gear | M169: =IFERROR(VALUE(F169),0) -> 1 | N169: =IFERROR(VALUE(SUBSTITUTE(G169,"$","")),0) -> 20.72 | O169: =IF(A169="",0,IF(COUNTIF($A$2:A169,A169)>1,1,0)) -> 0 | P169: =IF(AND(A169<>"",J169<>"",M169>0,N169>0,O169=0),1,0) -> 1 | Q169: =IF(P169=1,M169*N169,0) -> 20.72
A170: 10302 | B170: 2024-09-21 | C170: South | D170: footwear | E170: Summit Trail Runner | F170: 2 | G170: 94.66 | H170: In-Store | I170: Ava Rossi | J170: =IFERROR(DATEVALUE(B170),"") -> 45556 | K170: =IF(A170="","",PROPER(TRIM(C170))) -> South | L170: =IF(A170="","",PROPER(TRIM(D170))) -> Footwear | M170: =IFERROR(VALUE(F170),0) -> 2 | N170: =IFERROR(VALUE(SUBSTITUTE(G170,"$","")),0) -> 94.66 | O170: =IF(A170="",0,IF(COUNTIF($A$2:A170,A170)>1,1,0)) -> 0 | P170: =IF(AND(A170<>"",J170<>"",M170>0,N170>0,O170=0),1,0) -> 1 | Q170: =IF(P170=1,M170*N170,0) -> 189.32
A171: 10123 | B171: 2025-05-20 | C171: Midwest | D171: Accessories | E171: Hydration Pack | F171: 1 | G171: $81.72 | H171: Online | I171: Zoe Khan | J171: =IFERROR(DATEVALUE(B171),"") -> 45797 | K171: =IF(A171="","",PROPER(TRIM(C171))) -> Midwest | L171: =IF(A171="","",PROPER(TRIM(D171))) -> Accessories | M171: =IFERROR(VALUE(F171),0) -> 1 | N171: =IFERROR(VALUE(SUBSTITUTE(G171,"$","")),0) -> 81.72 | O171: =IF(A171="",0,IF(COUNTIF($A$2:A171,A171)>1,1,0)) -> 0 | P171: =IF(AND(A171<>"",J171<>"",M171>0,N171>0,O171=0),1,0) -> 1 | Q171: =IF(P171=1,M171*N171,0) -> 81.72
A172: 10301 | B172: 4/12/2025 | C172: midwest | D172: CLIMBING GEAR | E172: Dynamic Rope 60m | F172: 5 | G172: $156.39 | H172: Online | I172: Olivia Smith | J172: =IFERROR(DATEVALUE(B172),"") -> 45759 | K172: =IF(A172="","",PROPER(TRIM(C172))) -> Midwest | L172: =IF(A172="","",PROPER(TRIM(D172))) -> Climbing Gear | M172: =IFERROR(VALUE(F172),0) -> 5 | N172: =IFERROR(VALUE(SUBSTITUTE(G172,"$","")),0) -> 156.39 | O172: =IF(A172="",0,IF(COUNTIF($A$2:A172,A172)>1,1,0)) -> 0 | P172: =IF(AND(A172<>"",J172<>"",M172>0,N172>0,O172=0),1,0) -> 1 | Q172: =IF(P172=1,M172*N172,0) -> 781.95
A173: 10512 | B173: 2/6/2024 | C173: East | D173: footwear | E173: Ridgeline Boot | F173: 3 | G173: 140.30 | H173: Wholesale | I173: Zoe Thompson | J173: =IFERROR(DATEVALUE(B173),"") -> 45328 | K173: =IF(A173="","",PROPER(TRIM(C173))) -> East | L173: =IF(A173="","",PROPER(TRIM(D173))) -> Footwear | M173: =IFERROR(VALUE(F173),0) -> 3 | N173: =IFERROR(VALUE(SUBSTITUTE(G173,"$","")),0) -> 140.3 | O173: =IF(A173="",0,IF(COUNTIF($A$2:A173,A173)>1,1,0)) -> 0 | P173: =IF(AND(A173<>"",J173<>"",M173>0,N173>0,O173=0),1,0) -> 1 | Q173: =IF(P173=1,M173*N173,0) -> 420.9
A174: 10564 | B174: 8/7/2024 | C174: Midwest | D174: apparel | E174: Trail Fleece | F174: 2 | G174: 84.71 | H174: Wholesale | I174: Grace Hall | J174: =IFERROR(DATEVALUE(B174),"") -> 45511 | K174: =IF(A174="","",PROPER(TRIM(C174))) -> Midwest | L174: =IF(A174="","",PROPER(TRIM(D174))) -> Apparel | M174: =IFERROR(VALUE(F174),0) -> 2 | N174: =IFERROR(VALUE(SUBSTITUTE(G174,"$","")),0) -> 84.71 | O174: =IF(A174="",0,IF(COUNTIF($A$2:A174,A174)>1,1,0)) -> 0 | P174: =IF(AND(A174<>"",J174<>"",M174>0,N174>0,O174=0),1,0) -> 1 | Q174: =IF(P174=1,M174*N174,0) -> 169.42
A175: 10547 | B175: 2025-05-02 | C175: Midwest | D175: Accessories | E175: Trekking Poles | F175: 3 | G175: $51.35 | H175: Online | I175: Aisha Clark | J175: =IFERROR(DATEVALUE(B175),"") -> 45779 | K175: =IF(A175="","",PROPER(TRIM(C175))) -> Midwest | L175: =IF(A175="","",PROPER(TRIM(D175))) -> Accessories | M175: =IFERROR(VALUE(F175),0) -> 3 | N175: =IFERROR(VALUE(SUBSTITUTE(G175,"$","")),0) -> 51.35 | O175: =IF(A175="",0,IF(COUNTIF($A$2:A175,A175)>1,1,0)) -> 0 | P175: =IF(AND(A175<>"",J175<>"",M175>0,N175>0,O175=0),1,0) -> 1 | Q175: =IF(P175=1,M175*N175,0) -> 154.05
A176: 10184 | B176: 3/27/2025 | C176: SOUTH | D176: climbing gear | E176: Carabiner 5-Pack | F176: 1 | G176: 41.29 | H176: In-Store | I176: Noah Davis | J176: =IFERROR(DATEVALUE(B176),"") -> 45743 | K176: =IF(A176="","",PROPER(TRIM(C176))) -> South | L176: =IF(A176="","",PROPER(TRIM(D176))) -> Climbing Gear | M176: =IFERROR(VALUE(F176),0) -> 1 | N176: =IFERROR(VALUE(SUBSTITUTE(G176,"$","")),0) -> 41.29 | O176: =IF(A176="",0,IF(COUNTIF($A$2:A176,A176)>1,1,0)) -> 0 | P176: =IF(AND(A176<>"",J176<>"",M176>0,N176>0,O176=0),1,0) -> 1 | Q176: =IF(P176=1,M176*N176,0) -> 41.29
A177: 10392 | B177: 23-Nov-2024 | C177: East | D177: Accessories | E177: Hydration Pack | F177: 2 | G177: 90.77 | H177: In-Store | I177: Ryan Brown | J177: =IFERROR(DATEVALUE(B177),"") -> 45619 | K177: =IF(A177="","",PROPER(TRIM(C177))) -> East | L177: =IF(A177="","",PROPER(TRIM(D177))) -> Accessories | M177: =IFERROR(VALUE(F177),0) -> 2 | N177: =IFERROR(VALUE(SUBSTITUTE(G177,"$","")),0) -> 90.77 | O177: =IF(A177="",0,IF(COUNTIF($A$2:A177,A177)>1,1,0)) -> 0 | P177: =IF(AND(A177<>"",J177<>"",M177>0,N177>0,O177=0),1,0) -> 1 | Q177: =IF(P177=1,M177*N177,0) -> 181.54
A178: 10635 | B178: 4/3/2025 | C178: West | D178: Accessories | E178: Trekking Poles | F178: 1 | H178: Online | I178: Maria Martinez | J178: =IFERROR(DATEVALUE(B178),"") -> 45750 | K178: =IF(A178="","",PROPER(TRIM(C178))) -> West | L178: =IF(A178="","",PROPER(TRIM(D178))) -> Accessories | M178: =IFERROR(VALUE(F178),0) -> 1 | N178: =IFERROR(VALUE(SUBSTITUTE(G178,"$","")),0) -> 0 | O178: =IF(A178="",0,IF(COUNTIF($A$2:A178,A178)>1,1,0)) -> 0 | P178: =IF(AND(A178<>"",J178<>"",M178>0,N178>0,O178=0),1,0) -> 0 | Q178: =IF(P178=1,M178*N178,0) -> 0
A179: 10593 | B179: 27-Sep-2024 | C179: South | D179: Footwear | E179: Trailblazer Hiking Boot | F179: 1 | G179: 119.83 | H179: Online | I179: Carlos Allen | J179: =IFERROR(DATEVALUE(B179),"") -> 45562 | K179: =IF(A179="","",PROPER(TRIM(C179))) -> South | L179: =IF(A179="","",PROPER(TRIM(D179))) -> Footwear | M179: =IFERROR(VALUE(F179),0) -> 1 | N179: =IFERROR(VALUE(SUBSTITUTE(G179,"$","")),0) -> 119.83 | O179: =IF(A179="",0,IF(COUNTIF($A$2:A179,A179)>1,1,0)) -> 0 | P179: =IF(AND(A179<>"",J179<>"",M179>0,N179>0,O179=0),1,0) -> 1 | Q179: =IF(P179=1,M179*N179,0) -> 119.83
A180: 10663 | B180: 3/15/2024 | C180: West | D180: camping gear | E180: 2-Person Tent | F180: 1 | G180: 250.14 | H180: Wholesale | I180: Daniel Walker | J180: =IFERROR(DATEVALUE(B180),"") -> 45366 | K180: =IF(A180="","",PROPER(TRIM(C180))) -> West | L180: =IF(A180="","",PROPER(TRIM(D180))) -> Camping Gear | M180: =IFERROR(VALUE(F180),0) -> 1 | N180: =IFERROR(VALUE(SUBSTITUTE(G180,"$","")),0) -> 250.14 | O180: =IF(A180="",0,IF(COUNTIF($A$2:A180,A180)>1,1,0)) -> 0 | P180: =IF(AND(A180<>"",J180<>"",M180>0,N180>0,O180=0),1,0) -> 1 | Q180: =IF(P180=1,M180*N180,0) -> 250.14
A181: 10655 | B181: 7/13/2024 | C181: south | D181: Camping Gear | E181: Camp Stove | F181: 1 | G181: 73.81 | H181: Online | I181: Aisha Allen | J181: =IFERROR(DATEVALUE(B181),"") -> 45486 | K181: =IF(A181="","",PROPER(TRIM(C181))) -> South | L181: =IF(A181="","",PROPER(TRIM(D181))) -> Camping Gear | M181: =IFERROR(VALUE(F181),0) -> 1 | N181: =IFERROR(VALUE(SUBSTITUTE(G181,"$","")),0) -> 73.81 | O181: =IF(A181="",0,IF(COUNTIF($A$2:A181,A181)>1,1,0)) -> 0 | P181: =IF(AND(A181<>"",J181<>"",M181>0,N181>0,O181=0),1,0) -> 1 | Q181: =IF(P181=1,M181*N181,0) -> 73.81
A182: 10385 | B182: 25-Feb-2024 | C182: South | D182: climbing gear | E182: Chalk Bag | F182: 1 | G182: $22.92 | H182: In-Store | I182: Owen Brown | J182: =IFERROR(DATEVALUE(B182),"") -> 45347 | K182: =IF(A182="","",PROPER(TRIM(C182))) -> South | L182: =IF(A182="","",PROPER(TRIM(D182))) -> Climbing Gear | M182: =IFERROR(VALUE(F182),0) -> 1 | N182: =IFERROR(VALUE(SUBSTITUTE(G182,"$","")),0) -> 22.92 | O182: =IF(A182="",0,IF(COUNTIF($A$2:A182,A182)>1,1,0)) -> 0 | P182: =IF(AND(A182<>"",J182<>"",M182>0,N182>0,O182=0),1,0) -> 1 | Q182: =IF(P182=1,M182*N182,0) -> 22.92
A183: 10430 | B183: 2024-03-08 | C183: South | D183: climbing gear | E183: Carabiner 5-Pack | F183: 2 | G183: $40.08 | H183: Wholesale | I183: Liam Hall | J183: =IFERROR(DATEVALUE(B183),"") -> 45359 | K183: =IF(A183="","",PROPER(TRIM(C183))) -> South | L183: =IF(A183="","",PROPER(TRIM(D183))) -> Climbing Gear | M183: =IFERROR(VALUE(F183),0) -> 2 | N183: =IFERROR(VALUE(SUBSTITUTE(G183,"$","")),0) -> 40.08 | O183: =IF(A183="",0,IF(COUNTIF($A$2:A183,A183)>1,1,0)) -> 0 | P183: =IF(AND(A183<>"",J183<>"",M183>0,N183>0,O183=0),1,0) -> 1 | Q183: =IF(P183=1,M183*N183,0) -> 80.16
A184: 10591 | B184: TBD | C184: MIDWEST | D184: Camping Gear | E184: Compact Sleeping Pad | F184: 1 | G184: 88.88 | H184: Wholesale | I184: Layla Brown | J184: =IFERROR(DATEVALUE(B184),"") | K184: =IF(A184="","",PROPER(TRIM(C184))) -> Midwest | L184: =IF(A184="","",PROPER(TRIM(D184))) -> Camping Gear | M184: =IFERROR(VALUE(F184),0) -> 1 | N184: =IFERROR(VALUE(SUBSTITUTE(G184,"$","")),0) -> 88.88 | O184: =IF(A184="",0,IF(COUNTIF($A$2:A184,A184)>1,1,0)) -> 0 | P184: =IF(AND(A184<>"",J184<>"",M184>0,N184>0,O184=0),1,0) -> 0 | Q184: =IF(P184=1,M184*N184,0) -> 0
A185: 10745 | B185: 12/16/2024 | C185: South | D185: Camping Gear | E185: Camp Stove | F185: 1 | G185: 58.89 | H185: In-Store | I185: Aisha Lee | J185: =IFERROR(DATEVALUE(B185),"") -> 45642 | K185: =IF(A185="","",PROPER(TRIM(C185))) -> South | L185: =IF(A185="","",PROPER(TRIM(D185))) -> Camping Gear | M185: =IFERROR(VALUE(F185),0) -> 1 | N185: =IFERROR(VALUE(SUBSTITUTE(G185,"$","")),0) -> 58.89 | O185: =IF(A185="",0,IF(COUNTIF($A$2:A185,A185)>1,1,0)) -> 0 | P185: =IF(AND(A185<>"",J185<>"",M185>0,N185>0,O185=0),1,0) -> 1 | Q185: =IF(P185=1,M185*N185,0) -> 58.89
A186: 10599 | B186: 2025-06-04 | C186: Midwest | D186: Accessories | E186: Hydration Pack | F186: 1 | G186: 93.98 | H186: Online | I186: Liam Wright | J186: =IFERROR(DATEVALUE(B186),"") -> 45812 | K186: =IF(A186="","",PROPER(TRIM(C186))) -> Midwest | L186: =IF(A186="","",PROPER(TRIM(D186))) -> Accessories | M186: =IFERROR(VALUE(F186),0) -> 1 | N186: =IFERROR(VALUE(SUBSTITUTE(G186,"$","")),0) -> 93.98 | O186: =IF(A186="",0,IF(COUNTIF($A$2:A186,A186)>1,1,0)) -> 0 | P186: =IF(AND(A186<>"",J186<>"",M186>0,N186>0,O186=0),1,0) -> 1 | Q186: =IF(P186=1,M186*N186,0) -> 93.98
A187: 10202 | B187: 12/3/2024 | C187: East | D187: camping gear | E187: 2-Person Tent | F187: 1 | G187: 220.82 | H187: Online | I187: Emma Rossi | J187: =IFERROR(DATEVALUE(B187),"") -> 45629 | K187: =IF(A187="","",PROPER(TRIM(C187))) -> East | L187: =IF(A187="","",PROPER(TRIM(D187))) -> Camping Gear | M187: =IFERROR(VALUE(F187),0) -> 1 | N187: =IFERROR(VALUE(SUBSTITUTE(G187,"$","")),0) -> 220.82 | O187: =IF(A187="",0,IF(COUNTIF($A$2:A187,A187)>1,1,0)) -> 0 | P187: =IF(AND(A187<>"",J187<>"",M187>0,N187>0,O187=0),1,0) -> 1 | Q187: =IF(P187=1,M187*N187,0) -> 220.82
A188: 10377 | B188: 2-Feb-2024 | C188: Midwest | D188: CAMPING GEAR | E188: Camp Stove | F188: 1 | G188: 65.02 | H188: In-Store | I188: Emma Walker | J188: =IFERROR(DATEVALUE(B188),"") -> 45324 | K188: =IF(A188="","",PROPER(TRIM(C188))) -> Midwest | L188: =IF(A188="","",PROPER(TRIM(D188))) -> Camping Gear | M188: =IFERROR(VALUE(F188),0) -> 1 | N188: =IFERROR(VALUE(SUBSTITUTE(G188,"$","")),0) -> 65.02 | O188: =IF(A188="",0,IF(COUNTIF($A$2:A188,A188)>1,1,0)) -> 0 | P188: =IF(AND(A188<>"",J188<>"",M188>0,N188>0,O188=0),1,0) -> 1 | Q188: =IF(P188=1,M188*N188,0) -> 65.02
A189: 10485 | B189: 1/16/2025 | C189: West | D189: accessories | E189: Compression Dry Bag | F189: 2 | G189: 23.52 | H189: Online | I189: Sofia Garcia | J189: =IFERROR(DATEVALUE(B189),"") -> 45673 | K189: =IF(A189="","",PROPER(TRIM(C189))) -> West | L189: =IF(A189="","",PROPER(TRIM(D189))) -> Accessories | M189: =IFERROR(VALUE(F189),0) -> 2 | N189: =IFERROR(VALUE(SUBSTITUTE(G189,"$","")),0) -> 23.52 | O189: =IF(A189="",0,IF(COUNTIF($A$2:A189,A189)>1,1,0)) -> 0 | P189: =IF(AND(A189<>"",J189<>"",M189>0,N189>0,O189=0),1,0) -> 1 | Q189: =IF(P189=1,M189*N189,0) -> 47.04
A190: 10047 | B190: 11-Sep-2024 | C190: South | D190: APPAREL | E190: Storm Shell Jacket | F190: 2 | G190: 174.19 | H190: In-Store | I190: Lucas Wilson | J190: =IFERROR(DATEVALUE(B190),"") -> 45546 | K190: =IF(A190="","",PROPER(TRIM(C190))) -> South | L190: =IF(A190="","",PROPER(TRIM(D190))) -> Apparel | M190: =IFERROR(VALUE(F190),0) -> 2 | N190: =IFERROR(VALUE(SUBSTITUTE(G190,"$","")),0) -> 174.19 | O190: =IF(A190="",0,IF(COUNTIF($A$2:A190,A190)>1,1,0)) -> 0 | P190: =IF(AND(A190<>"",J190<>"",M190>0,N190>0,O190=0),1,0) -> 1 | Q190: =IF(P190=1,M190*N190,0) -> 348.38
... A239: 10561 | B239: 1/9/2025 | C239: West | D239: Apparel | E239: Trail Fleece | F239: 1 | G239: $86.10 | H239: Wholesale | I239: Zoe Allen | J239: =IFERROR(DATEVALUE(B239),"") -> 45666 | K239: =IF(A239="","",PROPER(TRIM(C239))) -> West | L239: =IF(A239="","",PROPER(TRIM(D239))) -> Apparel | M239: =IFERROR(VALUE(F239),0) -> 1 | N239: =IFERROR(VALUE(SUBSTITUTE(G239,"$","")),0) -> 86.1 | O239: =IF(A239="",0,IF(COUNTIF($A$2:A239,A239)>1,1,0)) -> 0 | P239: =IF(AND(A239<>"",J239<>"",M239>0,N239>0,O239=0),1,0) -> 1 | Q239: =IF(P239=1,M239*N239,0) -> 86.1
A240: 10535 | B240: 2024-05-24 | C240: East | D240: climbing gear | E240: Dynamic Rope 60m | F240: 3 | H240: Wholesale | I240: Mason Wilson | J240: =IFERROR(DATEVALUE(B240),"") -> 45436 | K240: =IF(A240="","",PROPER(TRIM(C240))) -> East | L240: =IF(A240="","",PROPER(TRIM(D240))) -> Climbing Gear | M240: =IFERROR(VALUE(F240),0) -> 3 | N240: =IFERROR(VALUE(SUBSTITUTE(G240,"$","")),0) -> 0 | O240: =IF(A240="",0,IF(COUNTIF($A$2:A240,A240)>1,1,0)) -> 0 | P240: =IF(AND(A240<>"",J240<>"",M240>0,N240>0,O240=0),1,0) -> 0 | Q240: =IF(P240=1,M240*N240,0) -> 0
A241: 10548 | B241: 15-Feb-2024 | C241: MIDWEST | D241: Climbing Gear | E241: Climbing Harness | F241: 2 | G241: 99.78 | H241: Online | I241: Aisha Allen | J241: =IFERROR(DATEVALUE(B241),"") -> 45337 | K241: =IF(A241="","",PROPER(TRIM(C241))) -> Midwest | L241: =IF(A241="","",PROPER(TRIM(D241))) -> Climbing Gear | M241: =IFERROR(VALUE(F241),0) -> 2 | N241: =IFERROR(VALUE(SUBSTITUTE(G241,"$","")),0) -> 99.78 | O241: =IF(A241="",0,IF(COUNTIF($A$2:A241,A241)>1,1,0)) -> 0 | P241: =IF(AND(A241<>"",J241<>"",M241>0,N241>0,O241=0),1,0) -> 1 | Q241: =IF(P241=1,M241*N241,0) -> 199.56
A242: 10363 | B242: 5/4/2024 | C242: midwest | D242: APPAREL | E242: Merino Base Layer | F242: -2 | G242: 55.52 | H242: Wholesale | I242: Mia Thompson | J242: =IFERROR(DATEVALUE(B242),"") -> 45416 | K242: =IF(A242="","",PROPER(TRIM(C242))) -> Midwest | L242: =IF(A242="","",PROPER(TRIM(D242))) -> Apparel | M242: =IFERROR(VALUE(F242),0) -> -2 | N242: =IFERROR(VALUE(SUBSTITUTE(G242,"$","")),0) -> 55.52 | O242: =IF(A242="",0,IF(COUNTIF($A$2:A242,A242)>1,1,0)) -> 0 | P242: =IF(AND(A242<>"",J242<>"",M242>0,N242>0,O242=0),1,0) -> 0 | Q242: =IF(P242=1,M242*N242,0) -> 0
A243: 10217 | B243: 1/24/2025 | C243: east | D243: Accessories | E243: Headlamp | F243: 3 | G243: $36.67 | H243: Wholesale | I243: Ava Nguyen | J243: =IFERROR(DATEVALUE(B243),"") -> 45681 | K243: =IF(A243="","",PROPER(TRIM(C243))) -> East | L243: =IF(A243="","",PROPER(TRIM(D243))) -> Accessories | M243: =IFERROR(VALUE(F243),0) -> 3 | N243: =IFERROR(VALUE(SUBSTITUTE(G243,"$","")),0) -> 36.67 | O243: =IF(A243="",0,IF(COUNTIF($A$2:A243,A243)>1,1,0)) -> 0 | P243: =IF(AND(A243<>"",J243<>"",M243>0,N243>0,O243=0),1,0) -> 1 | Q243: =IF(P243=1,M243*N243,0) -> 110.01
A244: 10083 | B244: 4/8/2025 | C244: EAST | D244: Climbing Gear | E244: Chalk Bag | F244: 5 | G244: $18.39 | H244: Online | I244: Grace Martinez | J244: =IFERROR(DATEVALUE(B244),"") -> 45755 | K244: =IF(A244="","",PROPER(TRIM(C244))) -> East | L244: =IF(A244="","",PROPER(TRIM(D244))) -> Climbing Gear | M244: =IFERROR(VALUE(F244),0) -> 5 | N244: =IFERROR(VALUE(SUBSTITUTE(G244,"$","")),0) -> 18.39 | O244: =IF(A244="",0,IF(COUNTIF($A$2:A244,A244)>1,1,0)) -> 0 | P244: =IF(AND(A244<>"",J244<>"",M244>0,N244>0,O244=0),1,0) -> 1 | Q244: =IF(P244=1,M244*N244,0) -> 91.95
A245: 10522 | B245: 7/19/2024 | C245: MIDWEST | D245: Climbing Gear | E245: Climbing Harness | F245: 4 | G245: 101.11 | H245: Online | I245: Liam Brown | J245: =IFERROR(DATEVALUE(B245),"") -> 45492 | K245: =IF(A245="","",PROPER(TRIM(C245))) -> Midwest | L245: =IF(A245="","",PROPER(TRIM(D245))) -> Climbing Gear | M245: =IFERROR(VALUE(F245),0) -> 4 | N245: =IFERROR(VALUE(SUBSTITUTE(G245,"$","")),0) -> 101.11 | O245: =IF(A245="",0,IF(COUNTIF($A$2:A245,A245)>1,1,0)) -> 0 | P245: =IF(AND(A245<>"",J245<>"",M245>0,N245>0,O245=0),1,0) -> 1 | Q245: =IF(P245=1,M245*N245,0) -> 404.44
A246: 10753 | B246: 27-Mar-2025 | C246: SOUTH | D246: accessories | E246: Hydration Pack | F246: 2 | G246: 92.34 | H246: Wholesale | I246: Mason Martinez | J246: =IFERROR(DATEVALUE(B246),"") -> 45743 | K246: =IF(A246="","",PROPER(TRIM(C246))) -> South | L246: =IF(A246="","",PROPER(TRIM(D246))) -> Accessories | M246: =IFERROR(VALUE(F246),0) -> 2 | N246: =IFERROR(VALUE(SUBSTITUTE(G246,"$","")),0) -> 92.34 | O246: =IF(A246="",0,IF(COUNTIF($A$2:A246,A246)>1,1,0)) -> 0 | P246: =IF(AND(A246<>"",J246<>"",M246>0,N246>0,O246=0),1,0) -> 1 | Q246: =IF(P246=1,M246*N246,0) -> 184.68
A247: 10615 | B247: 2024-06-30 | C247: east | D247: Accessories | E247: Hydration Pack | F247: 1 | G247: $93.60 | H247: In-Store | I247: Mason Allen | J247: =IFERROR(DATEVALUE(B247),"") -> 45473 | K247: =IF(A247="","",PROPER(TRIM(C247))) -> East | L247: =IF(A247="","",PROPER(TRIM(D247))) -> Accessories | M247: =IFERROR(VALUE(F247),0) -> 1 | N247: =IFERROR(VALUE(SUBSTITUTE(G247,"$","")),0) -> 93.6 | O247: =IF(A247="",0,IF(COUNTIF($A$2:A247,A247)>1,1,0)) -> 0 | P247: =IF(AND(A247<>"",J247<>"",M247>0,N247>0,O247=0),1,0) -> 1 | Q247: =IF(P247=1,M247*N247,0) -> 93.6
A248: 10020 | B248: 5/3/2024 | C248: West | D248: APPAREL | E248: Convertible Hiking Pants | F248: 2 | G248: $73.82 | H248: In-Store | I248: Mia Allen | J248: =IFERROR(DATEVALUE(B248),"") -> 45415 | K248: =IF(A248="","",PROPER(TRIM(C248))) -> West | L248: =IF(A248="","",PROPER(TRIM(D248))) -> Apparel | M248: =IFERROR(VALUE(F248),0) -> 2 | N248: =IFERROR(VALUE(SUBSTITUTE(G248,"$","")),0) -> 73.82 | O248: =IF(A248="",0,IF(COUNTIF($A$2:A248,A248)>1,1,0)) -> 0 | P248: =IF(AND(A248<>"",J248<>"",M248>0,N248>0,O248=0),1,0) -> 1 | Q248: =IF(P248=1,M248*N248,0) -> 147.64
A249: 10468 | B249: 2024-03-28 | C249: East | D249: APPAREL | E249: Convertible Hiking Pants | F249: 2 | G249: $67.86 | H249: Online | I249: Mason King | J249: =IFERROR(DATEVALUE(B249),"") -> 45379 | K249: =IF(A249="","",PROPER(TRIM(C249))) -> East | L249: =IF(A249="","",PROPER(TRIM(D249))) -> Apparel | M249: =IFERROR(VALUE(F249),0) -> 2 | N249: =IFERROR(VALUE(SUBSTITUTE(G249,"$","")),0) -> 67.86 | O249: =IF(A249="",0,IF(COUNTIF($A$2:A249,A249)>1,1,0)) -> 0 | P249: =IF(AND(A249<>"",J249<>"",M249>0,N249>0,O249=0),1,0) -> 1 | Q249: =IF(P249=1,M249*N249,0) -> 135.72
A250: 10395 | B250: 6-Jan-2024 | C250: West | D250: Climbing Gear | E250: Carabiner 5-Pack | F250: 1 | G250: 41.52 | H250: Wholesale | I250: Ethan Khan | J250: =IFERROR(DATEVALUE(B250),"") -> 45297 | K250: =IF(A250="","",PROPER(TRIM(C250))) -> West | L250: =IF(A250="","",PROPER(TRIM(D250))) -> Climbing Gear | M250: =IFERROR(VALUE(F250),0) -> 1 | N250: =IFERROR(VALUE(SUBSTITUTE(G250,"$","")),0) -> 41.52 | O250: =IF(A250="",0,IF(COUNTIF($A$2:A250,A250)>1,1,0)) -> 0 | P250: =IF(AND(A250<>"",J250<>"",M250>0,N250>0,O250=0),1,0) -> 1 | Q250: =IF(P250=1,M250*N250,0) -> 41.52
A251: 10436 | B251: 3/13/2024 | C251: East | D251: Climbing Gear | E251: Climbing Harness | F251: 1 | G251: $93.24 | H251: In-Store | I251: Ethan Allen | J251: =IFERROR(DATEVALUE(B251),"") -> 45364 | K251: =IF(A251="","",PROPER(TRIM(C251))) -> East | L251: =IF(A251="","",PROPER(TRIM(D251))) -> Climbing Gear | M251: =IFERROR(VALUE(F251),0) -> 1 | N251: =IFERROR(VALUE(SUBSTITUTE(G251,"$","")),0) -> 93.24 | O251: =IF(A251="",0,IF(COUNTIF($A$2:A251,A251)>1,1,0)) -> 0 | P251: =IF(AND(A251<>"",J251<>"",M251>0,N251>0,O251=0),1,0) -> 1 | Q251: =IF(P251=1,M251*N251,0) -> 93.24
A252: 10182 | B252: 14-Mar-2025 | C252: EAST | D252: Accessories | E252: Headlamp | F252: 0 | G252: 36.01 | H252: In-Store | I252: Owen Khan | J252: =IFERROR(DATEVALUE(B252),"") -> 45730 | K252: =IF(A252="","",PROPER(TRIM(C252))) -> East | L252: =IF(A252="","",PROPER(TRIM(D252))) -> Accessories | M252: =IFERROR(VALUE(F252),0) -> 0 | N252: =IFERROR(VALUE(SUBSTITUTE(G252,"$","")),0) -> 36.01 | O252: =IF(A252="",0,IF(COUNTIF($A$2:A252,A252)>1,1,0)) -> 0 | P252: =IF(AND(A252<>"",J252<>"",M252>0,N252>0,O252=0),1,0) -> 0 | Q252: =IF(P252=1,M252*N252,0) -> 0
... A335: 10101 | B335: 26-Dec-2024 | C335: Midwest | D335: footwear | E335: Ridgeline Boot | F335: 1 | G335: 169.32 | H335: Online | I335: Ava Young | J335: =IFERROR(DATEVALUE(B335),"") -> 45652 | K335: =IF(A335="","",PROPER(TRIM(C335))) -> Midwest | L335: =IF(A335="","",PROPER(TRIM(D335))) -> Footwear | M335: =IFERROR(VALUE(F335),0) -> 1 | N335: =IFERROR(VALUE(SUBSTITUTE(G335,"$","")),0) -> 169.32 | O335: =IF(A335="",0,IF(COUNTIF($A$2:A335,A335)>1,1,0)) -> 0 | P335: =IF(AND(A335<>"",J335<>"",M335>0,N335>0,O335=0),1,0) -> 1 | Q335: =IF(P335=1,M335*N335,0) -> 169.32
A336: 10056 | B336: 2025-04-29 | C336: East | D336: Climbing Gear | E336: Climbing Harness | F336: 2 | H336: In-Store | I336: Zoe Davis | J336: =IFERROR(DATEVALUE(B336),"") -> 45776 | K336: =IF(A336="","",PROPER(TRIM(C336))) -> East | L336: =IF(A336="","",PROPER(TRIM(D336))) -> Climbing Gear | M336: =IFERROR(VALUE(F336),0) -> 2 | N336: =IFERROR(VALUE(SUBSTITUTE(G336,"$","")),0) -> 0 | O336: =IF(A336="",0,IF(COUNTIF($A$2:A336,A336)>1,1,0)) -> 0 | P336: =IF(AND(A336<>"",J336<>"",M336>0,N336>0,O336=0),1,0) -> 0 | Q336: =IF(P336=1,M336*N336,0) -> 0
A337: 10582 | B337: 6/25/2025 | C337: EAST | D337: Accessories | E337: Hydration Pack | F337: 1 | G337: 95.82 | H337: In-Store | I337: Sofia Khan | J337: =IFERROR(DATEVALUE(B337),"") -> 45833 | K337: =IF(A337="","",PROPER(TRIM(C337))) -> East | L337: =IF(A337="","",PROPER(TRIM(D337))) -> Accessories | M337: =IFERROR(VALUE(F337),0) -> 1 | N337: =IFERROR(VALUE(SUBSTITUTE(G337,"$","")),0) -> 95.82 | O337: =IF(A337="",0,IF(COUNTIF($A$2:A337,A337)>1,1,0)) -> 0 | P337: =IF(AND(A337<>"",J337<>"",M337>0,N337>0,O337=0),1,0) -> 1 | Q337: =IF(P337=1,M337*N337,0) -> 95.82
A338: 10623 | B338: 25-Jun-2025 | C338: East | D338: Apparel | E338: Trail Fleece | F338: 3 | G338: $75.35 | H338: Wholesale | I338: Mason Davis | J338: =IFERROR(DATEVALUE(B338),"") -> 45833 | K338: =IF(A338="","",PROPER(TRIM(C338))) -> East | L338: =IF(A338="","",PROPER(TRIM(D338))) -> Apparel | M338: =IFERROR(VALUE(F338),0) -> 3 | N338: =IFERROR(VALUE(SUBSTITUTE(G338,"$","")),0) -> 75.35 | O338: =IF(A338="",0,IF(COUNTIF($A$2:A338,A338)>1,1,0)) -> 0 | P338: =IF(AND(A338<>"",J338<>"",M338>0,N338>0,O338=0),1,0) -> 1 | Q338: =IF(P338=1,M338*N338,0) -> 226.05
A339: 10327 | B339: 22-May-2024 | C339: West | D339: APPAREL | E339: Trail Fleece | F339: 5 | G339: $83.97 | H339: Wholesale | I339: Olivia Hall | J339: =IFERROR(DATEVALUE(B339),"") -> 45434 | K339: =IF(A339="","",PROPER(TRIM(C339))) -> West | L339: =IF(A339="","",PROPER(TRIM(D339))) -> Apparel | M339: =IFERROR(VALUE(F339),0) -> 5 | N339: =IFERROR(VALUE(SUBSTITUTE(G339,"$","")),0) -> 83.97 | O339: =IF(A339="",0,IF(COUNTIF($A$2:A339,A339)>1,1,0)) -> 0 | P339: =IF(AND(A339<>"",J339<>"",M339>0,N339>0,O339=0),1,0) -> 1 | Q339: =IF(P339=1,M339*N339,0) -> 419.85
A340: 10336 | B340: 10-Mar-2025 | C340: West | D340: accessories | E340: Hydration Pack | F340: 4 | G340: $82.28 | H340: In-Store | I340: Zoe Khan | J340: =IFERROR(DATEVALUE(B340),"") -> 45726 | K340: =IF(A340="","",PROPER(TRIM(C340))) -> West | L340: =IF(A340="","",PROPER(TRIM(D340))) -> Accessories | M340: =IFERROR(VALUE(F340),0) -> 4 | N340: =IFERROR(VALUE(SUBSTITUTE(G340,"$","")),0) -> 82.28 | O340: =IF(A340="",0,IF(COUNTIF($A$2:A340,A340)>1,1,0)) -> 0 | P340: =IF(AND(A340<>"",J340<>"",M340>0,N340>0,O340=0),1,0) -> 1 | Q340: =IF(P340=1,M340*N340,0) -> 329.12
A341: 10625 | B341: 4/17/2024 | C341: south | D341: camping gear | E341: 2-Person Tent | F341: 1 | G341: 227.97 | H341: In-Store | I341: Mason Rodriguez | J341: =IFERROR(DATEVALUE(B341),"") -> 45399 | K341: =IF(A341="","",PROPER(TRIM(C341))) -> South | L341: =IF(A341="","",PROPER(TRIM(D341))) -> Camping Gear | M341: =IFERROR(VALUE(F341),0) -> 1 | N341: =IFERROR(VALUE(SUBSTITUTE(G341,"$","")),0) -> 227.97 | O341: =IF(A341="",0,IF(COUNTIF($A$2:A341,A341)>1,1,0)) -> 0 | P341: =IF(AND(A341<>"",J341<>"",M341>0,N341>0,O341=0),1,0) -> 1 | Q341: =IF(P341=1,M341*N341,0) -> 227.97
A342: 10016 | B342: -- | C342: South | D342: footwear | E342: Trailblazer Hiking Boot | F342: 1 | G342: 146.56 | H342: Online | I342: Olivia Khan | J342: =IFERROR(DATEVALUE(B342),"") | K342: =IF(A342="","",PROPER(TRIM(C342))) -> South | L342: =IF(A342="","",PROPER(TRIM(D342))) -> Footwear | M342: =IFERROR(VALUE(F342),0) -> 1 | N342: =IFERROR(VALUE(SUBSTITUTE(G342,"$","")),0) -> 146.56 | O342: =IF(A342="",0,IF(COUNTIF($A$2:A342,A342)>1,1,0)) -> 0 | P342: =IF(AND(A342<>"",J342<>"",M342>0,N342>0,O342=0),1,0) -> 0 | Q342: =IF(P342=1,M342*N342,0) -> 0
A343: 10377 | B343: 2-Feb-2024 | C343: Midwest | D343: CAMPING GEAR | E343: Camp Stove | F343: 1 | G343: 65.02 | H343: In-Store | I343: Emma Walker | J343: =IFERROR(DATEVALUE(B343),"") -> 45324 | K343: =IF(A343="","",PROPER(TRIM(C343))) -> Midwest | L343: =IF(A343="","",PROPER(TRIM(D343))) -> Camping Gear | M343: =IFERROR(VALUE(F343),0) -> 1 | N343: =IFERROR(VALUE(SUBSTITUTE(G343,"$","")),0) -> 65.02 | O343: =IF(A343="",0,IF(COUNTIF($A$2:A343,A343)>1,1,0)) -> 1 | P343: =IF(AND(A343<>"",J343<>"",M343>0,N343>0,O343=0),1,0) -> 0 | Q343: =IF(P343=1,M343*N343,0) -> 0
A344: 10492 | B344: 1-Jun-2024 | C344: East | D344: Apparel | E344: Convertible Hiking Pants | F344: 4 | G344: $72.29 | H344: Wholesale | I344: Layla Clark | J344: =IFERROR(DATEVALUE(B344),"") -> 45444 | K344: =IF(A344="","",PROPER(TRIM(C344))) -> East | L344: =IF(A344="","",PROPER(TRIM(D344))) -> Apparel | M344: =IFERROR(VALUE(F344),0) -> 4 | N344: =IFERROR(VALUE(SUBSTITUTE(G344,"$","")),0) -> 72.29 | O344: =IF(A344="",0,IF(COUNTIF($A$2:A344,A344)>1,1,0)) -> 0 | P344: =IF(AND(A344<>"",J344<>"",M344>0,N344>0,O344=0),1,0) -> 1 | Q344: =IF(P344=1,M344*N344,0) -> 289.16
A345: 10756 | B345: 2025-04-08 | C345: west | D345: Footwear | E345: Summit Trail Runner | F345: 4 | G345: 102.18 | H345: Wholesale | I345: Olivia Thompson | J345: =IFERROR(DATEVALUE(B345),"") -> 45755 | K345: =IF(A345="","",PROPER(TRIM(C345))) -> West | L345: =IF(A345="","",PROPER(TRIM(D345))) -> Footwear | M345: =IFERROR(VALUE(F345),0) -> 4 | N345: =IFERROR(VALUE(SUBSTITUTE(G345,"$","")),0) -> 102.18 | O345: =IF(A345="",0,IF(COUNTIF($A$2:A345,A345)>1,1,0)) -> 0 | P345: =IF(AND(A345<>"",J345<>"",M345>0,N345>0,O345=0),1,0) -> 1 | Q345: =IF(P345=1,M345*N345,0) -> 408.72
A346: 10740 | B346: 6-Mar-2024 | C346: Midwest | D346: camping gear | E346: Camp Stove | F346: 1 | G346: 63.00 | H346: Wholesale | I346: Daniel Young | J346: =IFERROR(DATEVALUE(B346),"") -> 45357 | K346: =IF(A346="","",PROPER(TRIM(C346))) -> Midwest | L346: =IF(A346="","",PROPER(TRIM(D346))) -> Camping Gear | M346: =IFERROR(VALUE(F346),0) -> 1 | N346: =IFERROR(VALUE(SUBSTITUTE(G346,"$","")),0) -> 63 | O346: =IF(A346="",0,IF(COUNTIF($A$2:A346,A346)>1,1,0)) -> 0 | P346: =IF(AND(A346<>"",J346<>"",M346>0,N346>0,O346=0),1,0) -> 1 | Q346: =IF(P346=1,M346*N346,0) -> 63
A347: 10229 | B347: 5/14/2024 | C347: West | D347: Climbing Gear | E347: Carabiner 5-Pack | F347: 2 | G347: 39.04 | H347: Online | I347: Mason Walker | J347: =IFERROR(DATEVALUE(B347),"") -> 45426 | K347: =IF(A347="","",PROPER(TRIM(C347))) -> West | L347: =IF(A347="","",PROPER(TRIM(D347))) -> Climbing Gear | M347: =IFERROR(VALUE(F347),0) -> 2 | N347: =IFERROR(VALUE(SUBSTITUTE(G347,"$","")),0) -> 39.04 | O347: =IF(A347="",0,IF(COUNTIF($A$2:A347,A347)>1,1,0)) -> 0 | P347: =IF(AND(A347<>"",J347<>"",M347>0,N347>0,O347=0),1,0) -> 1 | Q347: =IF(P347=1,M347*N347,0) -> 78.08
A348: 10766 | B348: 2024-05-14 | C348: Midwest | D348: Climbing Gear | E348: Chalk Bag | F348: 4 | G348: 20.29 | H348: In-Store | I348: Grace Nguyen | J348: =IFERROR(DATEVALUE(B348),"") -> 45426 | K348: =IF(A348="","",PROPER(TRIM(C348))) -> Midwest | L348: =IF(A348="","",PROPER(TRIM(D348))) -> Climbing Gear | M348: =IFERROR(VALUE(F348),0) -> 4 | N348: =IFERROR(VALUE(SUBSTITUTE(G348,"$","")),0) -> 20.29 | O348: =IF(A348="",0,IF(COUNTIF($A$2:A348,A348)>1,1,0)) -> 0 | P348: =IF(AND(A348<>"",J348<>"",M348>0,N348>0,O348=0),1,0) -> 1 | Q348: =IF(P348=1,M348*N348,0) -> 81.16
... A369: 10668 | B369: 18-Sep-2024 | C369: WEST | D369: Climbing Gear | E369: Dynamic Rope 60m | F369: 1 | G369: $159.18 | H369: Online | I369: Mia Rossi | J369: =IFERROR(DATEVALUE(B369),"") -> 45553 | K369: =IF(A369="","",PROPER(TRIM(C369))) -> West | L369: =IF(A369="","",PROPER(TRIM(D369))) -> Climbing Gear | M369: =IFERROR(VALUE(F369),0) -> 1 | N369: =IFERROR(VALUE(SUBSTITUTE(G369,"$","")),0) -> 159.18 | O369: =IF(A369="",0,IF(COUNTIF($A$2:A369,A369)>1,1,0)) -> 0 | P369: =IF(AND(A369<>"",J369<>"",M369>0,N369>0,O369=0),1,0) -> 1 | Q369: =IF(P369=1,M369*N369,0) -> 159.18
A370: 10094 | B370: 8/31/2024 | C370: East | D370: Apparel | E370: Trail Fleece | F370: 1 | H370: In-Store | I370: Owen Rossi | J370: =IFERROR(DATEVALUE(B370),"") -> 45535 | K370: =IF(A370="","",PROPER(TRIM(C370))) -> East | L370: =IF(A370="","",PROPER(TRIM(D370))) -> Apparel | M370: =IFERROR(VALUE(F370),0) -> 1 | N370: =IFERROR(VALUE(SUBSTITUTE(G370,"$","")),0) -> 0 | O370: =IF(A370="",0,IF(COUNTIF($A$2:A370,A370)>1,1,0)) -> 0 | P370: =IF(AND(A370<>"",J370<>"",M370>0,N370>0,O370=0),1,0) -> 0 | Q370: =IF(P370=1,M370*N370,0) -> 0
A371: 10513 | B371: 15-Mar-2024 | C371: South | D371: FOOTWEAR | E371: Trailblazer Hiking Boot | F371: 2 | G371: $142.04 | H371: Online | I371: Liam Hall | J371: =IFERROR(DATEVALUE(B371),"") -> 45366 | K371: =IF(A371="","",PROPER(TRIM(C371))) -> South | L371: =IF(A371="","",PROPER(TRIM(D371))) -> Footwear | M371: =IFERROR(VALUE(F371),0) -> 2 | N371: =IFERROR(VALUE(SUBSTITUTE(G371,"$","")),0) -> 142.04 | O371: =IF(A371="",0,IF(COUNTIF($A$2:A371,A371)>1,1,0)) -> 0 | P371: =IF(AND(A371<>"",J371<>"",M371>0,N371>0,O371=0),1,0) -> 1 | Q371: =IF(P371=1,M371*N371,0) -> 284.08
A372: 10070 | B372: 2024-07-06 | C372: EAST | D372: Climbing Gear | E372: Dynamic Rope 60m | F372: 1 | G372: $177.16 | H372: Online | I372: Mia Brown | J372: =IFERROR(DATEVALUE(B372),"") -> 45479 | K372: =IF(A372="","",PROPER(TRIM(C372))) -> East | L372: =IF(A372="","",PROPER(TRIM(D372))) -> Climbing Gear | M372: =IFERROR(VALUE(F372),0) -> 1 | N372: =IFERROR(VALUE(SUBSTITUTE(G372,"$","")),0) -> 177.16 | O372: =IF(A372="",0,IF(COUNTIF($A$2:A372,A372)>1,1,0)) -> 0 | P372: =IF(AND(A372<>"",J372<>"",M372>0,N372>0,O372=0),1,0) -> 1 | Q372: =IF(P372=1,M372*N372,0) -> 177.16
A373: 10432 | B373: 23-Feb-2024 | C373: Midwest | D373: FOOTWEAR | E373: AlpineGrip Sandal | F373: 2 | G373: 58.13 | H373: In-Store | I373: Layla Clark | J373: =IFERROR(DATEVALUE(B373),"") -> 45345 | K373: =IF(A373="","",PROPER(TRIM(C373))) -> Midwest | L373: =IF(A373="","",PROPER(TRIM(D373))) -> Footwear | M373: =IFERROR(VALUE(F373),0) -> 2 | N373: =IFERROR(VALUE(SUBSTITUTE(G373,"$","")),0) -> 58.13 | O373: =IF(A373="",0,IF(COUNTIF($A$2:A373,A373)>1,1,0)) -> 0 | P373: =IF(AND(A373<>"",J373<>"",M373>0,N373>0,O373=0),1,0) -> 1 | Q373: =IF(P373=1,M373*N373,0) -> 116.26
A374: 10481 | B374: 12/20/2024 | C374: WEST | D374: Apparel | E374: Trail Fleece | F374: 3 | G374: 82.95 | H374: Wholesale | I374: Layla Johnson | J374: =IFERROR(DATEVALUE(B374),"") -> 45646 | K374: =IF(A374="","",PROPER(TRIM(C374))) -> West | L374: =IF(A374="","",PROPER(TRIM(D374))) -> Apparel | M374: =IFERROR(VALUE(F374),0) -> 3 | N374: =IFERROR(VALUE(SUBSTITUTE(G374,"$","")),0) -> 82.95 | O374: =IF(A374="",0,IF(COUNTIF($A$2:A374,A374)>1,1,0)) -> 0 | P374: =IF(AND(A374<>"",J374<>"",M374>0,N374>0,O374=0),1,0) -> 1 | Q374: =IF(P374=1,M374*N374,0) -> 248.85
A375: 10053 | B375: 2024-08-16 | C375: south | D375: Accessories | E375: Compression Dry Bag | F375: 4 | G375: $26.30 | H375: In-Store | I375: James Wright | J375: =IFERROR(DATEVALUE(B375),"") -> 45520 | K375: =IF(A375="","",PROPER(TRIM(C375))) -> South | L375: =IF(A375="","",PROPER(TRIM(D375))) -> Accessories | M375: =IFERROR(VALUE(F375),0) -> 4 | N375: =IFERROR(VALUE(SUBSTITUTE(G375,"$","")),0) -> 26.3 | O375: =IF(A375="",0,IF(COUNTIF($A$2:A375,A375)>1,1,0)) -> 0 | P375: =IF(AND(A375<>"",J375<>"",M375>0,N375>0,O375=0),1,0) -> 1 | Q375: =IF(P375=1,M375*N375,0) -> 105.2
A376: 10049 | B376: 10-Feb-2024 | C376: West | D376: climbing gear | E376: Climbing Harness | F376: 1 | G376: $98.59 | H376: Online | I376: James Wilson | J376: =IFERROR(DATEVALUE(B376),"") -> 45332 | K376: =IF(A376="","",PROPER(TRIM(C376))) -> West | L376: =IF(A376="","",PROPER(TRIM(D376))) -> Climbing Gear | M376: =IFERROR(VALUE(F376),0) -> 1 | N376: =IFERROR(VALUE(SUBSTITUTE(G376,"$","")),0) -> 98.59 | O376: =IF(A376="",0,IF(COUNTIF($A$2:A376,A376)>1,1,0)) -> 0 | P376: =IF(AND(A376<>"",J376<>"",M376>0,N376>0,O376=0),1,0) -> 1 | Q376: =IF(P376=1,M376*N376,0) -> 98.59
A377: 10012 | B377: 27-May-2024 | C377: WEST | D377: Climbing Gear | E377: Chalk Bag | F377: 1 | G377: $19.55 | H377: Wholesale | I377: Grace Hall | J377: =IFERROR(DATEVALUE(B377),"") -> 45439 | K377: =IF(A377="","",PROPER(TRIM(C377))) -> West | L377: =IF(A377="","",PROPER(TRIM(D377))) -> Climbing Gear | M377: =IFERROR(VALUE(F377),0) -> 1 | N377: =IFERROR(VALUE(SUBSTITUTE(G377,"$","")),0) -> 19.55 | O377: =IF(A377="",0,IF(COUNTIF($A$2:A377,A377)>1,1,0)) -> 0 | P377: =IF(AND(A377<>"",J377<>"",M377>0,N377>0,O377=0),1,0) -> 1 | Q377: =IF(P377=1,M377*N377,0) -> 19.55
A378: 10440 | B378: 3-Jul-2024 | C378: east | D378: footwear | E378: Trailblazer Hiking Boot | F378: 1 | G378: 128.33 | H378: Online | I378: Maria Khan | J378: =IFERROR(DATEVALUE(B378),"") -> 45476 | K378: =IF(A378="","",PROPER(TRIM(C378))) -> East | L378: =IF(A378="","",PROPER(TRIM(D378))) -> Footwear | M378: =IFERROR(VALUE(F378),0) -> 1 | N378: =IFERROR(VALUE(SUBSTITUTE(G378,"$","")),0) -> 128.33 | O378: =IF(A378="",0,IF(COUNTIF($A$2:A378,A378)>1,1,0)) -> 0 | P378: =IF(AND(A378<>"",J378<>"",M378>0,N378>0,O378=0),1,0) -> 1 | Q378: =IF(P378=1,M378*N378,0) -> 128.33
A379: 10413 | B379: 2025-05-30 | C379: East | D379: Footwear | E379: Trailblazer Hiking Boot | F379: 1 | G379: $117.87 | H379: Wholesale | I379: Aisha Allen | J379: =IFERROR(DATEVALUE(B379),"") -> 45807 | K379: =IF(A379="","",PROPER(TRIM(C379))) -> East | L379: =IF(A379="","",PROPER(TRIM(D379))) -> Footwear | M379: =IFERROR(VALUE(F379),0) -> 1 | N379: =IFERROR(VALUE(SUBSTITUTE(G379,"$","")),0) -> 117.87 | O379: =IF(A379="",0,IF(COUNTIF($A$2:A379,A379)>1,1,0)) -> 0 | P379: =IF(AND(A379<>"",J379<>"",M379>0,N379>0,O379=0),1,0) -> 1 | Q379: =IF(P379=1,M379*N379,0) -> 117.87
A380: 10693 | B380: 2025-04-15 | C380: Midwest | D380: APPAREL | E380: Storm Shell Jacket | F380: 2 | G380: $195.66 | H380: Wholesale | I380: Ryan Garcia | J380: =IFERROR(DATEVALUE(B380),"") -> 45762 | K380: =IF(A380="","",PROPER(TRIM(C380))) -> Midwest | L380: =IF(A380="","",PROPER(TRIM(D380))) -> Apparel | M380: =IFERROR(VALUE(F380),0) -> 2 | N380: =IFERROR(VALUE(SUBSTITUTE(G380,"$","")),0) -> 195.66 | O380: =IF(A380="",0,IF(COUNTIF($A$2:A380,A380)>1,1,0)) -> 0 | P380: =IF(AND(A380<>"",J380<>"",M380>0,N380>0,O380=0),1,0) -> 1 | Q380: =IF(P380=1,M380*N380,0) -> 391.32
A381: 10128 | B381: 5/7/2025 | C381: South | D381: CAMPING GEAR | E381: Compact Sleeping Pad | F381: 1 | G381: $74.47 | H381: Online | I381: Sofia Garcia | J381: =IFERROR(DATEVALUE(B381),"") -> 45784 | K381: =IF(A381="","",PROPER(TRIM(C381))) -> South | L381: =IF(A381="","",PROPER(TRIM(D381))) -> Camping Gear | M381: =IFERROR(VALUE(F381),0) -> 1 | N381: =IFERROR(VALUE(SUBSTITUTE(G381,"$","")),0) -> 74.47 | O381: =IF(A381="",0,IF(COUNTIF($A$2:A381,A381)>1,1,0)) -> 0 | P381: =IF(AND(A381<>"",J381<>"",M381>0,N381>0,O381=0),1,0) -> 1 | Q381: =IF(P381=1,M381*N381,0) -> 74.47
A382: 10503 | B382: 2024-07-22 | C382: West | D382: CAMPING GEAR | E382: Compact Sleeping Pad | F382: 2 | G382: 84.38 | H382: Online | I382: Layla Smith | J382: =IFERROR(DATEVALUE(B382),"") -> 45495 | K382: =IF(A382="","",PROPER(TRIM(C382))) -> West | L382: =IF(A382="","",PROPER(TRIM(D382))) -> Camping Gear | M382: =IFERROR(VALUE(F382),0) -> 2 | N382: =IFERROR(VALUE(SUBSTITUTE(G382,"$","")),0) -> 84.38 | O382: =IF(A382="",0,IF(COUNTIF($A$2:A382,A382)>1,1,0)) -> 0 | P382: =IF(AND(A382<>"",J382<>"",M382>0,N382>0,O382=0),1,0) -> 1 | Q382: =IF(P382=1,M382*N382,0) -> 168.76
... A478: 10231 | B478: 2025-03-31 | C478: East | D478: Climbing Gear | E478: Chalk Bag | F478: 1 | G478: 22.66 | H478: Online | I478: Lucas Johnson | J478: =IFERROR(DATEVALUE(B478),"") -> 45747 | K478: =IF(A478="","",PROPER(TRIM(C478))) -> East | L478: =IF(A478="","",PROPER(TRIM(D478))) -> Climbing Gear | M478: =IFERROR(VALUE(F478),0) -> 1 | N478: =IFERROR(VALUE(SUBSTITUTE(G478,"$","")),0) -> 22.66 | O478: =IF(A478="",0,IF(COUNTIF($A$2:A478,A478)>1,1,0)) -> 0 | P478: =IF(AND(A478<>"",J478<>"",M478>0,N478>0,O478=0),1,0) -> 1 | Q478: =IF(P478=1,M478*N478,0) -> 22.66
A479: 10671 | B479: 9-Nov-2024 | C479: West | D479: APPAREL | E479: Storm Shell Jacket | F479: 3 | H479: In-Store | I479: Lucas Davis | J479: =IFERROR(DATEVALUE(B479),"") -> 45605 | K479: =IF(A479="","",PROPER(TRIM(C479))) -> West | L479: =IF(A479="","",PROPER(TRIM(D479))) -> Apparel | M479: =IFERROR(VALUE(F479),0) -> 3 | N479: =IFERROR(VALUE(SUBSTITUTE(G479,"$","")),0) -> 0 | O479: =IF(A479="",0,IF(COUNTIF($A$2:A479,A479)>1,1,0)) -> 0 | P479: =IF(AND(A479<>"",J479<>"",M479>0,N479>0,O479=0),1,0) -> 0 | Q479: =IF(P479=1,M479*N479,0) -> 0
...

Sheet Dashboard
B2: Anvik Trail Co. — Sales Performance Dashboard
B3: All figures below update live from the filters in row 5.
B5: Region | C5: All | D5: Category | E5: All | F5: Channel | G5: All | H5: Start Date | I5: 2024-01-01 | J5: End Date | K5: 2025-06-30
B7: Total Revenue | E7: Total Orders | H7: Units Sold | K7: Avg Order Value
B8: =SUMIFS('Raw Data'!$Q$2:$Q$824,'Raw Data'!$P$2:$P$824,1,'Raw Data'!$J$2:$J$824,">="&I5,'Raw Data'!$J$2:$J$824,"<="&K5,'Raw Data'!$K$2:$K$824,IF(C5="All","*",C5),'Raw Data'!$L$2:$L$824,IF(E5="All","*",E5),'Raw Data'!$H$2:$H$824,IF(G5="All","*",G5)) -> 142039.22 | E8: =COUNTIFS('Raw Data'!$P$2:$P$824,1,'Raw Data'!$J$2:$J$824,">="&I5,'Raw Data'!$J$2:$J$824,"<="&K5,'Raw Data'!$K$2:$K$824,IF(C5="All","*",C5),'Raw Data'!$L$2:$L$824,IF(E5="All","*",E5),'Raw Data'!$H$2:$H$824,IF(G5="All","*",G5)) -> 713 | H8: =SUMIFS('Raw Data'!$M$2:$M$824,'Raw Data'!$P$2:$P$824,1,'Raw Data'!$J$2:$J$824,">="&I5,'Raw Data'!$J$2:$J$824,"<="&K5,'Raw Data'!$K$2:$K$824,IF(C5="All","*",C5),'Raw Data'!$L$2:$L$824,IF(E5="All","*",E5),'Raw Data'!$H$2:$H$824,IF(G5="All","*",G5)) -> 1462 | K8: =IFERROR(B8/E8,0) -> 199.21349
B11: Revenue by Region | E11: Revenue by Category | H11: Revenue by Channel | K11: Revenue by Month
B12: Region | C12: Revenue | E12: Category | F12: Revenue | H12: Channel | I12: Revenue | K12: Month | L12: Revenue
B13: West | C13: =SUMIFS('Raw Data'!$Q$2:$Q$824,'Raw Data'!$P$2:$P$824,1,'Raw Data'!$J$2:$J$824,">="&I5,'Raw Data'!$J$2:$J$824,"<="&K5,'Raw Data'!$K$2:$K$824,B13,'Raw Data'!$L$2:$L$824,IF(E5="All","*",E5),'Raw Data'!$H$2:$H$824,IF(G5="All","*",G5)) -> 35596.94 | E13: Footwear | F13: =SUMIFS('Raw Data'!$Q$2:$Q$824,'Raw Data'!$P$2:$P$824,1,'Raw Data'!$J$2:$J$824,">="&I5,'Raw Data'!$J$2:$J$824,"<="&K5,'Raw Data'!$K$2:$K$824,IF(C5="All","*",C5),'Raw Data'!$L$2:$L$824,E13,'Raw Data'!$H$2:$H$824,IF(G5="All","*",G5)) -> 32759.83 | H13: Online | I13: =SUMIFS('Raw Data'!$Q$2:$Q$824,'Raw Data'!$P$2:$P$824,1,'Raw Data'!$J$2:$J$824,">="&I5,'Raw Data'!$J$2:$J$824,"<="&K5,'Raw Data'!$K$2:$K$824,IF(C5="All","*",C5),'Raw Data'!$L$2:$L$824,IF(E5="All","*",E5),'Raw Data'!$H$2:$H$824,H13) -> 49797.45 | K13: 2024-01-01 | L13: =SUMIFS('Raw Data'!$Q$2:$Q$824,'Raw Data'!$P$2:$P$824,1,'Raw Data'!$J$2:$J$824,">="&K13,'Raw Data'!$J$2:$J$824,"<="&(DATE(YEAR(K13),MONTH(K13)+1,1)-1),'Raw Data'!$J$2:$J$824,">="&I5,'Raw Data'!$J$2:$J$824,"<="&K5,'Raw Data'!$K$2:$K$824,IF(C5="All","*",C5),'Raw Data'!$L$2:$L$824,IF(E5="All","*",E5),'Raw Data'!$H$2:$H$824,IF(G5="All","*",G5)) -> 8316.55
B14: East | C14: =SUMIFS('Raw Data'!$Q$2:$Q$824,'Raw Data'!$P$2:$P$824,1,'Raw Data'!$J$2:$J$824,">="&I5,'Raw Data'!$J$2:$J$824,"<="&K5,'Raw Data'!$K$2:$K$824,B14,'Raw Data'!$L$2:$L$824,IF(E5="All","*",E5),'Raw Data'!$H$2:$H$824,IF(G5="All","*",G5)) -> 32611.07 | E14: Apparel | F14: =SUMIFS('Raw Data'!$Q$2:$Q$824,'Raw Data'!$P$2:$P$824,1,'Raw Data'!$J$2:$J$824,">="&I5,'Raw Data'!$J$2:$J$824,"<="&K5,'Raw Data'!$K$2:$K$824,IF(C5="All","*",C5),'Raw Data'!$L$2:$L$824,E14,'Raw Data'!$H$2:$H$824,IF(G5="All","*",G5)) -> 29069.74 | H14: In-Store | I14: =SUMIFS('Raw Data'!$Q$2:$Q$824,'Raw Data'!$P$2:$P$824,1,'Raw Data'!$J$2:$J$824,">="&I5,'Raw Data'!$J$2:$J$824,"<="&K5,'Raw Data'!$K$2:$K$824,IF(C5="All","*",C5),'Raw Data'!$L$2:$L$824,IF(E5="All","*",E5),'Raw Data'!$H$2:$H$824,H14) -> 47785.66 | K14: 2024-02-01 | L14: =SUMIFS('Raw Data'!$Q$2:$Q$824,'Raw Data'!$P$2:$P$824,1,'Raw Data'!$J$2:$J$824,">="&K14,'Raw Data'!$J$2:$J$824,"<="&(DATE(YEAR(K14),MONTH(K14)+1,1)-1),'Raw Data'!$J$2:$J$824,">="&I5,'Raw Data'!$J$2:$J$824,"<="&K5,'Raw Data'!$K$2:$K$824,IF(C5="All","*",C5),'Raw Data'!$L$2:$L$824,IF(E5="All","*",E5),'Raw Data'!$H$2:$H$824,IF(G5="All","*",G5)) -> 7572.93
B15: Midwest | C15: =SUMIFS('Raw Data'!$Q$2:$Q$824,'Raw Data'!$P$2:$P$824,1,'Raw Data'!$J$2:$J$824,">="&I5,'Raw Data'!$J$2:$J$824,"<="&K5,'Raw Data'!$K$2:$K$824,B15,'Raw Data'!$L$2:$L$824,IF(E5="All","*",E5),'Raw Data'!$H$2:$H$824,IF(G5="All","*",G5)) -> 36181.53 | E15: Camping Gear | F15: =SUMIFS('Raw Data'!$Q$2:$Q$824,'Raw Data'!$P$2:$P$824,1,'Raw Data'!$J$2:$J$824,">="&I5,'Raw Data'!$J$2:$J$824,"<="&K5,'Raw Data'!$K$2:$K$824,IF(C5="All","*",C5),'Raw Data'!$L$2:$L$824,E15,'Raw Data'!$H$2:$H$824,IF(G5="All","*",G5)) -> 39637.01 | H15: Wholesale | I15: =SUMIFS('Raw Data'!$Q$2:$Q$824,'Raw Data'!$P$2:$P$824,1,'Raw Data'!$J$2:$J$824,">="&I5,'Raw Data'!$J$2:$J$824,"<="&K5,'Raw Data'!$K$2:$K$824,IF(C5="All","*",C5),'Raw Data'!$L$2:$L$824,IF(E5="All","*",E5),'Raw Data'!$H$2:$H$824,H15) -> 44456.11 | K15: 2024-03-01 | L15: =SUMIFS('Raw Data'!$Q$2:$Q$824,'Raw Data'!$P$2:$P$824,1,'Raw Data'!$J$2:$J$824,">="&K15,'Raw Data'!$J$2:$J$824,"<="&(DATE(YEAR(K15),MONTH(K15)+1,1)-1),'Raw Data'!$J$2:$J$824,">="&I5,'Raw Data'!$J$2:$J$824,"<="&K5,'Raw Data'!$K$2:$K$824,IF(C5="All","*",C5),'Raw Data'!$L$2:$L$824,IF(E5="All","*",E5),'Raw Data'!$H$2:$H$824,IF(G5="All","*",G5)) -> 9528.23
B16: South | C16: =SUMIFS('Raw Data'!$Q$2:$Q$824,'Raw Data'!$P$2:$P$824,1,'Raw Data'!$J$2:$J$824,">="&I5,'Raw Data'!$J$2:$J$824,"<="&K5,'Raw Data'!$K$2:$K$824,B16,'Raw Data'!$L$2:$L$824,IF(E5="All","*",E5),'Raw Data'!$H$2:$H$824,IF(G5="All","*",G5)) -> 37649.68 | E16: Climbing Gear | F16: =SUMIFS('Raw Data'!$Q$2:$Q$824,'Raw Data'!$P$2:$P$824,1,'Raw Data'!$J$2:$J$824,">="&I5,'Raw Data'!$J$2:$J$824,"<="&K5,'Raw Data'!$K$2:$K$824,IF(C5="All","*",C5),'Raw Data'!$L$2:$L$824,E16,'Raw Data'!$H$2:$H$824,IF(G5="All","*",G5)) -> 27925.06 | K16: 2024-04-01 | L16: =SUMIFS('Raw Data'!$Q$2:$Q$824,'Raw Data'!$P$2:$P$824,1,'Raw Data'!$J$2:$J$824,">="&K16,'Raw Data'!$J$2:$J$824,"<="&(DATE(YEAR(K16),MONTH(K16)+1,1)-1),'Raw Data'!$J$2:$J$824,">="&I5,'Raw Data'!$J$2:$J$824,"<="&K5,'Raw Data'!$K$2:$K$824,IF(C5="All","*",C5),'Raw Data'!$L$2:$L$824,IF(E5="All","*",E5),'Raw Data'!$H$2:$H$824,IF(G5="All","*",G5)) -> 8812.67
E17: Accessories | F17: =SUMIFS('Raw Data'!$Q$2:$Q$824,'Raw Data'!$P$2:$P$824,1,'Raw Data'!$J$2:$J$824,">="&I5,'Raw Data'!$J$2:$J$824,"<="&K5,'Raw Data'!$K$2:$K$824,IF(C5="All","*",C5),'Raw Data'!$L$2:$L$824,E17,'Raw Data'!$H$2:$H$824,IF(G5="All","*",G5)) -> 12647.58 | K17: 2024-05-01 | L17: =SUMIFS('Raw Data'!$Q$2:$Q$824,'Raw Data'!$P$2:$P$824,1,'Raw Data'!$J$2:$J$824,">="&K17,'Raw Data'!$J$2:$J$824,"<="&(DATE(YEAR(K17),MONTH(K17)+1,1)-1),'Raw Data'!$J$2:$J$824,">="&I5,'Raw Data'!$J$2:$J$824,"<="&K5,'Raw Data'!$K$2:$K$824,IF(C5="All","*",C5),'Raw Data'!$L$2:$L$824,IF(E5="All","*",E5),'Raw Data'!$H$2:$H$824,IF(G5="All","*",G5)) -> 9403.72
K18: 2024-06-01 | L18: =SUMIFS('Raw Data'!$Q$2:$Q$824,'Raw Data'!$P$2:$P$824,1,'Raw Data'!$J$2:$J$824,">="&K18,'Raw Data'!$J$2:$J$824,"<="&(DATE(YEAR(K18),MONTH(K18)+1,1)-1),'Raw Data'!$J$2:$J$824,">="&I5,'Raw Data'!$J$2:$J$824,"<="&K5,'Raw Data'!$K$2:$K$824,IF(C5="All","*",C5),'Raw Data'!$L$2:$L$824,IF(E5="All","*",E5),'Raw Data'!$H$2:$H$824,IF(G5="All","*",G5)) -> 10121.41
K19: 2024-07-01 | L19: =SUMIFS('Raw Data'!$Q$2:$Q$824,'Raw Data'!$P$2:$P$824,1,'Raw Data'!$J$2:$J$824,">="&K19,'Raw Data'!$J$2:$J$824,"<="&(DATE(YEAR(K19),MONTH(K19)+1,1)-1),'Raw Data'!$J$2:$J$824,">="&I5,'Raw Data'!$J$2:$J$824,"<="&K5,'Raw Data'!$K$2:$K$824,IF(C5="All","*",C5),'Raw Data'!$L$2:$L$824,IF(E5="All","*",E5),'Raw Data'!$H$2:$H$824,IF(G5="All","*",G5)) -> 10863.94
K20: 2024-08-01 | L20: =SUMIFS('Raw Data'!$Q$2:$Q$824,'Raw Data'!$P$2:$P$824,1,'Raw Data'!$J$2:$J$824,">="&K20,'Raw Data'!$J$2:$J$824,"<="&(DATE(YEAR(K20),MONTH(K20)+1,1)-1),'Raw Data'!$J$2:$J$824,">="&I5,'Raw Data'!$J$2:$J$824,"<="&K5,'Raw Data'!$K$2:$K$824,IF(C5="All","*",C5),'Raw Data'!$L$2:$L$824,IF(E5="All","*",E5),'Raw Data'!$H$2:$H$824,IF(G5="All","*",G5)) -> 7413.37
K21: 2024-09-01 | L21: =SUMIFS('Raw Data'!$Q$2:$Q$824,'Raw Data'!$P$2:$P$824,1,'Raw Data'!$J$2:$J$824,">="&K21,'Raw Data'!$J$2:$J$824,"<="&(DATE(YEAR(K21),MONTH(K21)+1,1)-1),'Raw Data'!$J$2:$J$824,">="&I5,'Raw Data'!$J$2:$J$824,"<="&K5,'Raw Data'!$K$2:$K$824,IF(C5="All","*",C5),'Raw Data'!$L$2:$L$824,IF(E5="All","*",E5),'Raw Data'!$H$2:$H$824,IF(G5="All","*",G5)) -> 6368.09
K22: 2024-10-01 | L22: =SUMIFS('Raw Data'!$Q$2:$Q$824,'Raw Data'!$P$2:$P$824,1,'Raw Data'!$J$2:$J$824,">="&K22,'Raw Data'!$J$2:$J$824,"<="&(DATE(YEAR(K22),MONTH(K22)+1,1)-1),'Raw Data'!$J$2:$J$824,">="&I5,'Raw Data'!$J$2:$J$824,"<="&K5,'Raw Data'!$K$2:$K$824,IF(C5="All","*",C5),'Raw Data'!$L$2:$L$824,IF(E5="All","*",E5),'Raw Data'!$H$2:$H$824,IF(G5="All","*",G5)) -> 7415.74
K23: 2024-11-01 | L23: =SUMIFS('Raw Data'!$Q$2:$Q$824,'Raw Data'!$P$2:$P$824,1,'Raw Data'!$J$2:$J$824,">="&K23,'Raw Data'!$J$2:$J$824,"<="&(DATE(YEAR(K23),MONTH(K23)+1,1)-1),'Raw Data'!$J$2:$J$824,">="&I5,'Raw Data'!$J$2:$J$824,"<="&K5,'Raw Data'!$K$2:$K$824,IF(C5="All","*",C5),'Raw Data'!$L$2:$L$824,IF(E5="All","*",E5),'Raw Data'!$H$2:$H$824,IF(G5="All","*",G5)) -> 7524.82
K24: 2024-12-01 | L24: =SUMIFS('Raw Data'!$Q$2:$Q$824,'Raw Data'!$P$2:$P$824,1,'Raw Data'!$J$2:$J$824,">="&K24,'Raw Data'!$J$2:$J$824,"<="&(DATE(YEAR(K24),MONTH(K24)+1,1)-1),'Raw Data'!$J$2:$J$824,">="&I5,'Raw Data'!$J$2:$J$824,"<="&K5,'Raw Data'!$K$2:$K$824,IF(C5="All","*",C5),'Raw Data'!$L$2:$L$824,IF(E5="All","*",E5),'Raw Data'!$H$2:$H$824,IF(G5="All","*",G5)) -> 6339.03
K25: 2025-01-01 | L25: =SUMIFS('Raw Data'!$Q$2:$Q$824,'Raw Data'!$P$2:$P$824,1,'Raw Data'!$J$2:$J$824,">="&K25,'Raw Data'!$J$2:$J$824,"<="&(DATE(YEAR(K25),MONTH(K25)+1,1)-1),'Raw Data'!$J$2:$J$824,">="&I5,'Raw Data'!$J$2:$J$824,"<="&K5,'Raw Data'!$K$2:$K$824,IF(C5="All","*",C5),'Raw Data'!$L$2:$L$824,IF(E5="All","*",E5),'Raw Data'!$H$2:$H$824,IF(G5="All","*",G5)) -> 7530.51
K26: 2025-02-01 | L26: =SUMIFS('Raw Data'!$Q$2:$Q$824,'Raw Data'!$P$2:$P$824,1,'Raw Data'!$J$2:$J$824,">="&K26,'Raw Data'!$J$2:$J$824,"<="&(DATE(YEAR(K26),MONTH(K26)+1,1)-1),'Raw Data'!$J$2:$J$824,">="&I5,'Raw Data'!$J$2:$J$824,"<="&K5,'Raw Data'!$K$2:$K$824,IF(C5="All","*",C5),'Raw Data'!$L$2:$L$824,IF(E5="All","*",E5),'Raw Data'!$H$2:$H$824,IF(G5="All","*",G5)) -> 5615.96
K27: 2025-03-01 | L27: =SUMIFS('Raw Data'!$Q$2:$Q$824,'Raw Data'!$P$2:$P$824,1,'Raw Data'!$J$2:$J$824,">="&K27,'Raw Data'!$J$2:$J$824,"<="&(DATE(YEAR(K27),MONTH(K27)+1,1)-1),'Raw Data'!$J$2:$J$824,">="&I5,'Raw Data'!$J$2:$J$824,"<="&K5,'Raw Data'!$K$2:$K$824,IF(C5="All","*",C5),'Raw Data'!$L$2:$L$824,IF(E5="All","*",E5),'Raw Data'!$H$2:$H$824,IF(G5="All","*",G5)) -> 5660.67
K28: 2025-04-01 | L28: =SUMIFS('Raw Data'!$Q$2:$Q$824,'Raw Data'!$P$2:$P$824,1,'Raw Data'!$J$2:$J$824,">="&K28,'Raw Data'!$J$2:$J$824,"<="&(DATE(YEAR(K28),MONTH(K28)+1,1)-1),'Raw Data'!$J$2:$J$824,">="&I5,'Raw Data'!$J$2:$J$824,"<="&K5,'Raw Data'!$K$2:$K$824,IF(C5="All","*",C5),'Raw Data'!$L$2:$L$824,IF(E5="All","*",E5),'Raw Data'!$H$2:$H$824,IF(G5="All","*",G5)) -> 8669.39
K29: 2025-05-01 | L29: =SUMIFS('Raw Data'!$Q$2:$Q$824,'Raw Data'!$P$2:$P$824,1,'Raw Data'!$J$2:$J$824,">="&K29,'Raw Data'!$J$2:$J$824,"<="&(DATE(YEAR(K29),MONTH(K29)+1,1)-1),'Raw Data'!$J$2:$J$824,">="&I5,'Raw Data'!$J$2:$J$824,"<="&K5,'Raw Data'!$K$2:$K$824,IF(C5="All","*",C5),'Raw Data'!$L$2:$L$824,IF(E5="All","*",E5),'Raw Data'!$H$2:$H$824,IF(G5="All","*",G5)) -> 7287.48
K30: 2025-06-01 | L30: =SUMIFS('Raw Data'!$Q$2:$Q$824,'Raw Data'!$P$2:$P$824,1,'Raw Data'!$J$2:$J$824,">="&K30,'Raw Data'!$J$2:$J$824,"<="&(DATE(YEAR(K30),MONTH(K30)+1,1)-1),'Raw Data'!$J$2:$J$824,">="&I5,'Raw Data'!$J$2:$J$824,"<="&K5,'Raw Data'!$K$2:$K$824,IF(C5="All","*",C5),'Raw Data'!$L$2:$L$824,IF(E5="All","*",E5),'Raw Data'!$H$2:$H$824,IF(G5="All","*",G5)) -> 7594.71

Sheet Data Cleaning Log
B2: Data Cleaning Log
B3: Every count below is a live formula against Raw Data — re-run the export and this log re-tallies itself.
B5: Issue | C5: Row Count | D5: How it was handled
B6: Total rows in raw export (incl. blanks) | C6: =COUNTA('Raw Data'!$A$2:$A$824)+COUNTBLANK('Raw Data'!$A$2:$A$824) -> 823 | D6: Baseline row count for the export.
B7: Fully blank rows | C7: =COUNTBLANK('Raw Data'!$A$2:$A$824) -> 8 | D7: Ignored automatically — cleaning formulas short-circuit to blank/0 on empty OrderID.
B8: Duplicate order rows (double entry) | C8: =SUM('Raw Data'!$O$2:$O$824) -> 35 | D8: Flagged via COUNTIF on OrderID; first occurrence kept, repeats excluded from all totals.
B9: Unparseable / garbage dates | C9: =SUMPRODUCT(('Raw Data'!$A$2:$A$824<>"")*('Raw Data'!$J$2:$J$824="")) -> 32 | D9: DATEVALUE() wrapped in IFERROR; unparseable text ("N/A", "TBD", etc.) becomes blank and the row is excluded.
B10: Invalid quantity (zero / negative) | C10: =SUMPRODUCT(('Raw Data'!$A$2:$A$824<>"")*('Raw Data'!$M$2:$M$824<=0)) -> 20 | D10: Rows with quantity ≤ 0 are excluded from revenue and unit totals.
B11: Missing / blank unit price | C11: =SUMPRODUCT(('Raw Data'!$A$2:$A$824<>"")*('Raw Data'!$N$2:$N$824<=0)) -> 16 | D11: SUBSTITUTE strips "$", VALUE() wrapped in IFERROR; blank/unparseable price rows excluded.
B12: Region/Category text inconsistently cased or padded | C12: =SUMPRODUCT(('Raw Data'!$C$2:$C$824<>PROPER(TRIM('Raw Data'!$C$2:$C$824)))*('Raw Data'!$A$2:$A$824<>"")) -> 240 | D12: TRIM() + PROPER() standardize casing/whitespace before any grouping or filtering.
B13: Clean, valid rows used in the dashboard | C13: =SUM('Raw Data'!$P$2:$P$824) -> 713 | D13: Rows passing every check above (unique, valid date, valid qty, valid price).
